{"type":"FeatureCollection","features":[{"type":"Feature","properties":{"name":"остров Врангеля","until":6},"geometry":{"type":"Point","coordinates":[-179.1211,71.7997]}},{"type":"Feature","properties":{"name":"Atka Island","until":6},"geometry":{"type":"Point","coordinates":[-174.1566,49.1035]}},{"type":"Feature","properties":{"name":"Saint Lawrence Island","until":6},"geometry":{"type":"Point","coordinates":[-170.5147,62.2979]}},{"type":"Feature","properties":{"name":"Umnak Island","until":6},"geometry":{"type":"Point","coordinates":[-168.1581,54.8924]}},{"type":"Feature","properties":{"name":"Unimak Island","until":6},"geometry":{"type":"Point","coordinates":[-163.8185,53.4889]}},{"type":"Feature","properties":{"name":"Unalaska Island","until":6},"geometry":{"type":"Point","coordinates":[-166.7725,54.4796]}},{"type":"Feature","properties":{"name":"Nunivak Island","until":6},"geometry":{"type":"Point","coordinates":[-166.3248,60.3582]}},{"type":"Feature","properties":{"name":"Nelson Island","until":6},"geometry":{"type":"Point","coordinates":[-164.6576,59.7972]}},{"type":"Feature","properties":{"name":"Roosevelt Island","until":6},"geometry":{"type":"Point","coordinates":[-162.1404,-80.0583]}},{"type":"Feature","properties":{"name":"Kodiak Island","until":6},"geometry":{"type":"Point","coordinates":[-154.2206,57.3206]}},{"type":"Feature","properties":{"name":"Afognak Island","until":6},"geometry":{"type":"Point","coordinates":[-152.7113,56.4587]}},{"type":"Feature","properties":{"name":"Hawaiʻi","until":6},"geometry":{"type":"Point","coordinates":[-155.5238,18.9453]}},{"type":"Feature","properties":{"name":"Montague Island","until":6},"geometry":{"type":"Point","coordinates":[-147.6357,60.5667]}},{"type":"Feature","properties":{"name":"Przybyszewski Island","until":6},"geometry":{"type":"Point","coordinates":[-148.9471,-77.9364]}},{"type":"Feature","properties":{"name":"Radford Island","until":6},"geometry":{"type":"Point","coordinates":[-146.6881,-78.0136]}},{"type":"Feature","properties":{"name":"Cronenwett Island","until":6},"geometry":{"type":"Point","coordinates":[-150.0485,-77.9162]}},{"type":"Feature","properties":{"name":"Kizer Island","until":6},"geometry":{"type":"Point","coordinates":[-151.106,-77.6551]}},{"type":"Feature","properties":{"name":"Driscoll Island","until":6},"geometry":{"type":"Point","coordinates":[-147.063,-76.2364]}},{"type":"Feature","properties":{"name":"Farmer Island","until":6},"geometry":{"type":"Point","coordinates":[-147.1385,-75.7586]}},{"type":"Feature","properties":{"name":"Hutchinson Island","until":6},"geometry":{"type":"Point","coordinates":[-148.9856,-75.562]}},{"type":"Feature","properties":{"name":"Vollmer Island","until":6},"geometry":{"type":"Point","coordinates":[-150.4784,-75.6065]}},{"type":"Feature","properties":{"name":"Chichagof Island","until":6},"geometry":{"type":"Point","coordinates":[-135.1524,57.0213]}},{"type":"Feature","properties":{"name":"Baranof Island","until":6},"geometry":{"type":"Point","coordinates":[-135.0742,57.4782]}},{"type":"Feature","properties":{"name":"Richards Island","until":6},"geometry":{"type":"Point","coordinates":[-134.3367,69.9543]}},{"type":"Feature","properties":{"name":"Banks Island","until":6},"geometry":{"type":"Point","coordinates":[-130.177,54.8671]}},{"type":"Feature","properties":{"name":"Pitt Island","until":6},"geometry":{"type":"Point","coordinates":[-129.6346,54.8829]}},{"type":"Feature","properties":{"name":"Graham Island","until":6},"geometry":{"type":"Point","coordinates":[-132.2891,54.8458]}},{"type":"Feature","properties":{"name":"Moresby Island","until":6},"geometry":{"type":"Point","coordinates":[-131.9362,55.1624]}},{"type":"Feature","properties":{"name":"Prince of Wales Island","until":6},"geometry":{"type":"Point","coordinates":[-132.8563,52.4376]}},{"type":"Feature","properties":{"name":"Revillagigedo Island","until":6},"geometry":{"type":"Point","coordinates":[-131.1699,52.6114]}},{"type":"Feature","properties":{"name":"Prince of Wales Island","until":6},"geometry":{"type":"Point","coordinates":[-132.8563,58.7753]}},{"type":"Feature","properties":{"name":"Admiralty Island","until":6},"geometry":{"type":"Point","coordinates":[-134.4177,56.9277]}},{"type":"Feature","properties":{"name":"Kuiu Island","until":6},"geometry":{"type":"Point","coordinates":[-134.1362,57.8944]}},{"type":"Feature","properties":{"name":"Etolin Island","until":6},"geometry":{"type":"Point","coordinates":[-132.3647,58.508]}},{"type":"Feature","properties":{"name":"Kupreanof Island","until":6},"geometry":{"type":"Point","coordinates":[-133.4537,58.0168]}},{"type":"Feature","properties":{"name":"Grant Island","until":6},"geometry":{"type":"Point","coordinates":[-131.7371,-75.1119]}},{"type":"Feature","properties":{"name":"Princess Royal Island","until":6},"geometry":{"type":"Point","coordinates":[-128.7515,55.2306]}},{"type":"Feature","properties":{"name":"Vancouver Island","until":6},"geometry":{"type":"Point","coordinates":[-125.4735,51.8366]}},{"type":"Feature","properties":{"name":"Siple Island","until":6},"geometry":{"type":"Point","coordinates":[-126.6806,-72.966]}},{"type":"Feature","properties":{"name":"Dean Island","until":6},"geometry":{"type":"Point","coordinates":[-127.5787,-75.0511]}},{"type":"Feature","properties":{"name":"Eglinton Island","until":6},"geometry":{"type":"Point","coordinates":[-118.5851,76.6525]}},{"type":"Feature","properties":{"name":"Banks Island","until":6},"geometry":{"type":"Point","coordinates":[-121.3893,73.3314]}},{"type":"Feature","properties":{"name":"Carney Island","until":6},"geometry":{"type":"Point","coordinates":[-121.918,-75.3954]}},{"type":"Feature","properties":{"name":"Brock Island","until":6},"geometry":{"type":"Point","coordinates":[-114.3855,77.036]}},{"type":"Feature","properties":{"name":"Prince Patrick Island","until":6},"geometry":{"type":"Point","coordinates":[-117.963,77.8291]}},{"type":"Feature","properties":{"name":"Melville Island","until":6},"geometry":{"type":"Point","coordinates":[-113.4325,76.5912]}},{"type":"Feature","properties":{"name":"Emerald Isle","until":6},"geometry":{"type":"Point","coordinates":[-113.9282,75.5312]}},{"type":"Feature","properties":{"name":"Wright Island","until":6},"geometry":{"type":"Point","coordinates":[-116.9165,-75.4272]}},{"type":"Feature","properties":{"name":"Borden Island","until":6},"geometry":{"type":"Point","coordinates":[-110.3673,78.7638]}},{"type":"Feature","properties":{"name":"Mackenzie King Island","until":6},"geometry":{"type":"Point","coordinates":[-111.7859,77.2745]}},{"type":"Feature","properties":{"name":"Kitlineq / Victoria Island","until":6},"geometry":{"type":"Point","coordinates":[-108.273,68.7697]}},{"type":"Feature","properties":{"name":"Ellef Ringnes Island","until":6},"geometry":{"type":"Point","coordinates":[-101.5274,78.7029]}},{"type":"Feature","properties":{"name":"Thor Island","until":6},"geometry":{"type":"Point","coordinates":[-103.0847,79.0544]}},{"type":"Feature","properties":{"name":"Cameron Island","until":6},"geometry":{"type":"Point","coordinates":[-103.9389,75.8908]}},{"type":"Feature","properties":{"name":"Massey Island","until":6},"geometry":{"type":"Point","coordinates":[-102.7895,76.3451]}},{"type":"Feature","properties":{"name":"Vanier Island","until":6},"geometry":{"type":"Point","coordinates":[-103.3058,76.2014]}},{"type":"Feature","properties":{"name":"Alexander Island","until":6},"geometry":{"type":"Point","coordinates":[-102.7661,76.5088]}},{"type":"Feature","properties":{"name":"Lougheed Island","until":6},"geometry":{"type":"Point","coordinates":[-104.9483,77.6289]}},{"type":"Feature","properties":{"name":"King Christian Island","until":6},"geometry":{"type":"Point","coordinates":[-101.9614,77.1199]}},{"type":"Feature","properties":{"name":"Byam Martin Island","until":6},"geometry":{"type":"Point","coordinates":[-104.2987,74.3733]}},{"type":"Feature","properties":{"name":"Stefansson Island","until":6},"geometry":{"type":"Point","coordinates":[-105.5292,72.9595]}},{"type":"Feature","properties":{"name":"Qikiqtaryuaq","until":6},"geometry":{"type":"Point","coordinates":[-104.7025,66.6867]}},{"type":"Feature","properties":{"name":"Qikiqtaryuaq","until":6},"geometry":{"type":"Point","coordinates":[-102.0039,70.577]}},{"type":"Feature","properties":{"name":"Burke Island","until":6},"geometry":{"type":"Point","coordinates":[-104.903,-73.3574]}},{"type":"Feature","properties":{"name":"Amund Ringnes Island","until":6},"geometry":{"type":"Point","coordinates":[-97.1027,78.8443]}},{"type":"Feature","properties":{"name":"Meighen Island","until":6},"geometry":{"type":"Point","coordinates":[-99.5732,79.3588]}},{"type":"Feature","properties":{"name":"ᒪᕐᕉᓕᕿ","until":6},"geometry":{"type":"Point","coordinates":[-96.7992,74.0384]}},{"type":"Feature","properties":{"name":"ᑭᙵᐃᓚᒃ","until":6},"geometry":{"type":"Point","coordinates":[-98.671,74.0033]}},{"type":"Feature","properties":{"name":"ᐃᓂᓕᓯᒪᕈᖅ","until":6},"geometry":{"type":"Point","coordinates":[-96.8623,73.4006]}},{"type":"Feature","properties":{"name":"ᐃᓐᓂᓕᓯᒪᔪᖅ","until":6},"geometry":{"type":"Point","coordinates":[-98.4677,72.4662]}},{"type":"Feature","properties":{"name":"ᕿᑭᖅᑕᖅ","until":6},"geometry":{"type":"Point","coordinates":[-97.2139,70.2516]}},{"type":"Feature","properties":{"name":"ᕿᑭᖅᑕᕐᔪᐊᖅ","until":6},"geometry":{"type":"Point","coordinates":[-96.2251,69.832]}},{"type":"Feature","properties":{"name":"Royal Geographical Society Island","until":6},"geometry":{"type":"Point","coordinates":[-100.3629,70.4083]}},{"type":"Feature","properties":{"name":"Ross Island","until":6},"geometry":{"type":"Point","coordinates":[-97.9747,54.2074]}},{"type":"Feature","properties":{"name":"ᑭᙵᐃᓚᒃ","until":6},"geometry":{"type":"Point","coordinates":[-98.671,70.593]}},{"type":"Feature","properties":{"name":"Bathurst Island","until":6},"geometry":{"type":"Point","coordinates":[-98.5309,76.2485]}},{"type":"Feature","properties":{"name":"ᒪᕐᕉᓕᕿ","until":6},"geometry":{"type":"Point","coordinates":[-96.7992,76.8564]}},{"type":"Feature","properties":{"name":"Helena Island","until":6},"geometry":{"type":"Point","coordinates":[-100.7982,75.6487]}},{"type":"Feature","properties":{"name":"Sherman Island","until":6},"geometry":{"type":"Point","coordinates":[-99.5279,-73.7562]}},{"type":"Feature","properties":{"name":"Thurston Island","until":6},"geometry":{"type":"Point","coordinates":[-97.7934,-70.7919]}},{"type":"Feature","properties":{"name":"North Kent Island","until":6},"geometry":{"type":"Point","coordinates":[-90.0893,75.6082]}},{"type":"Feature","properties":{"name":"Baillie-Hamilton Island","until":6},"geometry":{"type":"Point","coordinates":[-94.6033,76.5146]}},{"type":"Feature","properties":{"name":"Cornwallis Island","until":6},"geometry":{"type":"Point","coordinates":[-94.8834,74.432]}},{"type":"Feature","properties":{"name":"Griffith Island","until":6},"geometry":{"type":"Point","coordinates":[-95.5138,74.9776]}},{"type":"Feature","properties":{"name":"Cornwall Island","until":6},"geometry":{"type":"Point","coordinates":[-94.709,77.302]}},{"type":"Feature","properties":{"name":"Graham Island","until":6},"geometry":{"type":"Point","coordinates":[-90.4614,77.5014]}},{"type":"Feature","properties":{"name":"Buckingham Island","until":6},"geometry":{"type":"Point","coordinates":[-90.9833,77.7262]}},{"type":"Feature","properties":{"name":"ᑰᒐᓇᔪᒃ","until":6},"geometry":{"type":"Point","coordinates":[-93.1696,73.1373]}},{"type":"Feature","properties":{"name":"Bjarnason Island","until":6},"geometry":{"type":"Point","coordinates":[-95.2583,80.6321]}},{"type":"Feature","properties":{"name":"ᑭᖓᖅ","until":6},"geometry":{"type":"Point","coordinates":[-95.4822,69.8117]}},{"type":"Feature","properties":{"name":"ᐅᒥᖕᒪᑦ ᓄᓈᑦ","until":6},"geometry":{"type":"Point","coordinates":[-91.387,79.3791]}},{"type":"Feature","properties":{"name":"Isla Isabela","until":6},"geometry":{"type":"Point","coordinates":[-91.225,-4.7557]}},{"type":"Feature","properties":{"name":"Dustin Island","until":6},"geometry":{"type":"Point","coordinates":[-94.6445,-73.8646]}},{"type":"Feature","properties":{"name":"Farwell Island","until":6},"geometry":{"type":"Point","coordinates":[-91.1124,-73.7516]}},{"type":"Feature","properties":{"name":"Copper Island","until":6},"geometry":{"type":"Point","coordinates":[-88.3191,46.7925]}},{"type":"Feature","properties":{"name":"Hoved Island","until":6},"geometry":{"type":"Point","coordinates":[-85.0108,77.4362]}},{"type":"Feature","properties":{"name":"Stor Island","until":6},"geometry":{"type":"Point","coordinates":[-85.703,78.2402]}},{"type":"Feature","properties":{"name":"ᑕᓪᓗᕈᑎᑦ","until":6},"geometry":{"type":"Point","coordinates":[-87.112,74.5536]}},{"type":"Feature","properties":{"name":"ᕿᑭᖅᑖᓗᒃ","until":6},"geometry":{"type":"Point","coordinates":[-86.711,69.2722]}},{"type":"Feature","properties":{"name":"Wales Island","until":6},"geometry":{"type":"Point","coordinates":[-86.619,67.2869]}},{"type":"Feature","properties":{"name":"ᓴᓪᓕᖅ","until":6},"geometry":{"type":"Point","coordinates":[-84.7897,66.2481]}},{"type":"Feature","properties":{"name":"ᕿᑭᖅᑖᓗᒃ","until":6},"geometry":{"type":"Point","coordinates":[-84.8927,64.9555]}},{"type":"Feature","properties":{"name":"Dendtler Island","until":6},"geometry":{"type":"Point","coordinates":[-89.7473,-73.4679]}},{"type":"Feature","properties":{"name":"ᖁᕐᕕᒃ","until":6},"geometry":{"type":"Point","coordinates":[-79.4023,76.4549]}},{"type":"Feature","properties":{"name":"Philpots Island","until":6},"geometry":{"type":"Point","coordinates":[-79.8582,74.6284]}},{"type":"Feature","properties":{"name":"ᐊᑉᐸᑑᕐᔪᐊᖅ","until":6},"geometry":{"type":"Point","coordinates":[-83.0402,63.259]}},{"type":"Feature","properties":{"name":"ᐳᔾᔪᓇᖅ","until":6},"geometry":{"type":"Point","coordinates":[-79.8225,63.7813]}},{"type":"Feature","properties":{"name":"Akimiski Island / Île Akimiski","until":6},"geometry":{"type":"Point","coordinates":[-81.3167,55.276]}},{"type":"Feature","properties":{"name":"Manitoulin Island","until":6},"geometry":{"type":"Point","coordinates":[-82.0418,48.328]}},{"type":"Feature","properties":{"name":"Rowley Island - Ile Rowley","until":6},"geometry":{"type":"Point","coordinates":[-79.0562,70.2979]}},{"type":"Feature","properties":{"name":"ᑲᐳᐃᕖᑦ","until":6},"geometry":{"type":"Point","coordinates":[-79.6468,69.6093]}},{"type":"Feature","properties":{"name":"ᓴᓂᑭᓗᐊᖅ","until":6},"geometry":{"type":"Point","coordinates":[-79.2101,58.2886]}},{"type":"Feature","properties":{"name":"Isla de la Juventud","until":6},"geometry":{"type":"Point","coordinates":[-82.8465,16.8374]}},{"type":"Feature","properties":{"name":"ᓇᒡᔪᑦᑑᖅ","until":6},"geometry":{"type":"Point","coordinates":[-83.86,64.8256]}},{"type":"Feature","properties":{"name":"Ward Hunt Island","until":6},"geometry":{"type":"Point","coordinates":[-74.1783,82.9584]}},{"type":"Feature","properties":{"name":"Bylot Island","until":6},"geometry":{"type":"Point","coordinates":[-78.6031,73.1906]}},{"type":"Feature","properties":{"name":"ᑲᖔᕐᔪᒃ","until":6},"geometry":{"type":"Point","coordinates":[-73.1593,71.6654]}},{"type":"Feature","properties":{"name":"ᖃᒡᒋᐅᔭᖅ","until":6},"geometry":{"type":"Point","coordinates":[-78.4863,69.7338]}},{"type":"Feature","properties":{"name":"Bray Island","until":6},"geometry":{"type":"Point","coordinates":[-77.0595,69.9962]}},{"type":"Feature","properties":{"name":"ᐃᓗᐃᓕᖅ","until":6},"geometry":{"type":"Point","coordinates":[-76.149,67.4349]}},{"type":"Feature","properties":{"name":"Foley Island - Ile Foley","until":6},"geometry":{"type":"Point","coordinates":[-75.1712,66.6105]}},{"type":"Feature","properties":{"name":"Air Force Island - Ile Air Force","until":6},"geometry":{"type":"Point","coordinates":[-74.2813,67.2911]}},{"type":"Feature","properties":{"name":"Cuba","until":6},"geometry":{"type":"Point","coordinates":[-76.4992,18.0336]}},{"type":"Feature","properties":{"name":"Jamaica","until":6},"geometry":{"type":"Point","coordinates":[-77.4811,20.4334]}},{"type":"Feature","properties":{"name":"Isla Mompox","until":6},"geometry":{"type":"Point","coordinates":[-74.3953,7.7709]}},{"type":"Feature","properties":{"name":"ᐊᑯᓪᓕᖅ","until":6},"geometry":{"type":"Point","coordinates":[-76.9043,62.3037]}},{"type":"Feature","properties":{"name":"ᑐᔾᔮᑦ","until":6},"geometry":{"type":"Point","coordinates":[-77.9137,62.5364]}},{"type":"Feature","properties":{"name":"Isla Grande de Chiloé","until":6},"geometry":{"type":"Point","coordinates":[-74.0121,-43.0177]}},{"type":"Feature","properties":{"name":"Isla Magdalena","until":6},"geometry":{"type":"Point","coordinates":[-73.0934,-41.3881]}},{"type":"Feature","properties":{"name":"Isla Desolación","until":6},"geometry":{"type":"Point","coordinates":[-73.3186,-54.9957]}},{"type":"Feature","properties":{"name":"Isla Madre de Dios","until":6},"geometry":{"type":"Point","coordinates":[-75.0558,-51.2284]}},{"type":"Feature","properties":{"name":"Isla Wellington","until":6},"geometry":{"type":"Point","coordinates":[-74.5793,-52.2799]}},{"type":"Feature","properties":{"name":"Isla Campana","until":6},"geometry":{"type":"Point","coordinates":[-75.0723,-45.4765]}},{"type":"Feature","properties":{"name":"Charcot Island","until":6},"geometry":{"type":"Point","coordinates":[-75.2481,-69.3149]}},{"type":"Feature","properties":{"name":"Latady Island","until":6},"geometry":{"type":"Point","coordinates":[-74.7592,-72.1566]}},{"type":"Feature","properties":{"name":"Smyley Island","until":6},"geometry":{"type":"Point","coordinates":[-78.0647,-73.7489]}},{"type":"Feature","properties":{"name":"Spaatz Island","until":6},"geometry":{"type":"Point","coordinates":[-75.3497,-73.1791]}},{"type":"Feature","properties":{"name":"DeAtley Island","until":6},"geometry":{"type":"Point","coordinates":[-73.9545,-73.1572]}},{"type":"Feature","properties":{"name":"Case Island","until":6},"geometry":{"type":"Point","coordinates":[-77.9768,-73.2045]}},{"type":"Feature","properties":{"name":"ᒥᕐᖑᐃᖅᓯᕐᕕᒃ","until":6},"geometry":{"type":"Point","coordinates":[-72.7213,82.6345]}},{"type":"Feature","properties":{"name":"Kiatak","until":6},"geometry":{"type":"Point","coordinates":[-71.8327,77.5667]}},{"type":"Feature","properties":{"name":"Qeqertarsuaq","until":6},"geometry":{"type":"Point","coordinates":[-70.6984,77.5107]}},{"type":"Feature","properties":{"name":"ᕿᑭᖅᑖᓗᒃ","until":6},"geometry":{"type":"Point","coordinates":[-71.8314,72.0794]}},{"type":"Feature","properties":{"name":"Long Island","until":6},"geometry":{"type":"Point","coordinates":[-72.9492,36.7334]}},{"type":"Feature","properties":{"name":"ᕿᑭᖅᑖᓗᒃ","until":6},"geometry":{"type":"Point","coordinates":[-70.5844,65.6809]}},{"type":"Feature","properties":{"name":"ᕿᑭᖅᑕᕐᔪᐊᖅ","until":6},"geometry":{"type":"Point","coordinates":[-70.594,63.1624]}},{"type":"Feature","properties":{"name":"La Española","until":6},"geometry":{"type":"Point","coordinates":[-71.5938,19.6568]}},{"type":"Feature","properties":{"name":"Île René-Levasseur","until":6},"geometry":{"type":"Point","coordinates":[-68.7607,50.1839]}},{"type":"Feature","properties":{"name":"ᐊᖏᓂᖓ","until":6},"geometry":{"type":"Point","coordinates":[-68.107,60.0429]}},{"type":"Feature","properties":{"name":"Rothschild Island","until":6},"geometry":{"type":"Point","coordinates":[-72.5798,-69.7543]}},{"type":"Feature","properties":{"name":"Alexander Island","until":6},"geometry":{"type":"Point","coordinates":[-69.9307,-71.6239]}},{"type":"Feature","properties":{"name":"Korff Ice Rise","until":6},"geometry":{"type":"Point","coordinates":[-70.123,-78.1432]}},{"type":"Feature","properties":{"name":"Isla Grande de Tierra del Fuego","until":6},"geometry":{"type":"Point","coordinates":[-68.7813,-54.4205]}},{"type":"Feature","properties":{"name":"Isla Riesco","until":6},"geometry":{"type":"Point","coordinates":[-72.0497,-55.443]}},{"type":"Feature","properties":{"name":"Isla Navarino","until":6},"geometry":{"type":"Point","coordinates":[-67.9202,-53.2644]}},{"type":"Feature","properties":{"name":"Isla Dawson","until":6},"geometry":{"type":"Point","coordinates":[-70.73,-54.3053]}},{"type":"Feature","properties":{"name":"Isla Capitán Aracena","until":6},"geometry":{"type":"Point","coordinates":[-71.4853,-54.2452]}},{"type":"Feature","properties":{"name":"Isla Clarence","until":6},"geometry":{"type":"Point","coordinates":[-71.922,-54.3694]}},{"type":"Feature","properties":{"name":"Isla Hoste","until":6},"geometry":{"type":"Point","coordinates":[-69.3279,-53.1632]}},{"type":"Feature","properties":{"name":"Isla Santa Inés","until":6},"geometry":{"type":"Point","coordinates":[-72.5894,-54.5394]}},{"type":"Feature","properties":{"name":"Adelaide Island","until":6},"geometry":{"type":"Point","coordinates":[-68.3295,-68.0451]}},{"type":"Feature","properties":{"name":"Pourquoi Pas Island","until":6},"geometry":{"type":"Point","coordinates":[-67.4712,-67.5422]}},{"type":"Feature","properties":{"name":"Île d'Anticosti","until":6},"geometry":{"type":"Point","coordinates":[-63.0972,51.9324]}},{"type":"Feature","properties":{"name":"Prince Edward Island","until":6},"geometry":{"type":"Point","coordinates":[-63.5738,47.7227]}},{"type":"Feature","properties":{"name":"Resolution Island","until":6},"geometry":{"type":"Point","coordinates":[-64.9402,58.8713]}},{"type":"Feature","properties":{"name":"Puerto Rico","until":6},"geometry":{"type":"Point","coordinates":[-66.4027,20.3935]}},{"type":"Feature","properties":{"name":"Brabant Island","until":6},"geometry":{"type":"Point","coordinates":[-62.357,-61.6195]}},{"type":"Feature","properties":{"name":"Anvers Island","until":6},"geometry":{"type":"Point","coordinates":[-63.7921,-66.0626]}},{"type":"Feature","properties":{"name":"Brabant Island","until":6},"geometry":{"type":"Point","coordinates":[-62.357,-66.5242]}},{"type":"Feature","properties":{"name":"Renaud Island","until":6},"geometry":{"type":"Point","coordinates":[-65.8301,-65.1091]}},{"type":"Feature","properties":{"name":"Hearst Island","until":6},"geometry":{"type":"Point","coordinates":[-62.0384,-69.8713]}},{"type":"Feature","properties":{"name":"Cape Breton Island","until":6},"geometry":{"type":"Point","coordinates":[-60.7379,47.5422]}},{"type":"Feature","properties":{"name":"Newfoundland","until":6},"geometry":{"type":"Point","coordinates":[-56.7361,45.3145]}},{"type":"Feature","properties":{"name":"Trinidad","until":6},"geometry":{"type":"Point","coordinates":[-61.2611,6.3603]}},{"type":"Feature","properties":{"name":"East Falkland","until":6},"geometry":{"type":"Point","coordinates":[-58.6615,-49.7715]}},{"type":"Feature","properties":{"name":"West Falkland","until":6},"geometry":{"type":"Point","coordinates":[-59.8398,-49.8389]}},{"type":"Feature","properties":{"name":"King George Island","until":6},"geometry":{"type":"Point","coordinates":[-58.3511,-63.791]}},{"type":"Feature","properties":{"name":"Joinville Island","until":6},"geometry":{"type":"Point","coordinates":[-56.2253,-62.5225]}},{"type":"Feature","properties":{"name":"Livingston Island","until":6},"geometry":{"type":"Point","coordinates":[-60.1804,-63.1891]}},{"type":"Feature","properties":{"name":"Islas de las Lechiguanas","until":6},"geometry":{"type":"Point","coordinates":[-59.7684,-35.1873]}},{"type":"Feature","properties":{"name":"James Ross Island","until":6},"geometry":{"type":"Point","coordinates":[-57.7098,-66.4651]}},{"type":"Feature","properties":{"name":"Dolleman Island","until":6},"geometry":{"type":"Point","coordinates":[-60.7242,-72.3986]}},{"type":"Feature","properties":{"name":"Dolleman Island","until":6},"geometry":{"type":"Point","coordinates":[-60.7242,-68.6601]}},{"type":"Feature","properties":{"name":"Henry Ice Rise","until":6},"geometry":{"type":"Point","coordinates":[-61.4603,-80.6245]}},{"type":"Feature","properties":{"name":"Permin Land","until":6},"geometry":{"type":"Point","coordinates":[-51.2347,81.2952]}},{"type":"Feature","properties":{"name":"Hendrik Ø","until":6},"geometry":{"type":"Point","coordinates":[-53.0901,82.5698]}},{"type":"Feature","properties":{"name":"Castle Ø","until":6},"geometry":{"type":"Point","coordinates":[-52.8909,82.4356]}},{"type":"Feature","properties":{"name":"Nutaarmiut","until":6},"geometry":{"type":"Point","coordinates":[-55.4123,73.7335]}},{"type":"Feature","properties":{"name":"Upernivik","until":6},"geometry":{"type":"Point","coordinates":[-52.8374,71.7696]}},{"type":"Feature","properties":{"name":"Illorsuit","until":6},"geometry":{"type":"Point","coordinates":[-53.6723,71.9147]}},{"type":"Feature","properties":{"name":"Qeqertaq","until":6},"geometry":{"type":"Point","coordinates":[-55.5029,70.8221]}},{"type":"Feature","properties":{"name":"Qeqertarsuaq","until":6},"geometry":{"type":"Point","coordinates":[-53.2562,71.4329]}},{"type":"Feature","properties":{"name":"Qeqertarsuaq","until":6},"geometry":{"type":"Point","coordinates":[-53.513,69.4209]}},{"type":"Feature","properties":{"name":"Alluttoq","until":6},"geometry":{"type":"Point","coordinates":[-51.1496,69.6346]}},{"type":"Feature","properties":{"name":"Ilha Grande de Gurupá","until":6},"geometry":{"type":"Point","coordinates":[-51.427,-4.7461]}},{"type":"Feature","properties":{"name":"Sverdrup Ø","until":6},"geometry":{"type":"Point","coordinates":[-46.2936,83.1611]}},{"type":"Feature","properties":{"name":"Elison Ø","until":6},"geometry":{"type":"Point","coordinates":[-47.4239,83.2532]}},{"type":"Feature","properties":{"name":"John Murray Ø","until":6},"geometry":{"type":"Point","coordinates":[-48.7299,83.2812]}},{"type":"Feature","properties":{"name":"Nares Land","until":6},"geometry":{"type":"Point","coordinates":[-46.6109,82.2835]}},{"type":"Feature","properties":{"name":"Stephenson Ø","until":6},"geometry":{"type":"Point","coordinates":[-49.102,82.2211]}},{"type":"Feature","properties":{"name":"Ilha do Bananal","until":6},"geometry":{"type":"Point","coordinates":[-50.3476,-16.4624]}},{"type":"Feature","properties":{"name":"Ilha de Marajó","until":6},"geometry":{"type":"Point","coordinates":[-49.4412,-4.8159]}},{"type":"Feature","properties":{"name":"Berkner Island","until":6},"geometry":{"type":"Point","coordinates":[-47.5832,-79.3499]}},{"type":"Feature","properties":{"name":"Hazenland","until":6},"geometry":{"type":"Point","coordinates":[-41.2221,82.768]}},{"type":"Feature","properties":{"name":"Lockwood Ø","until":6},"geometry":{"type":"Point","coordinates":[-40.2415,82.6964]}},{"type":"Feature","properties":{"name":"Borup Ø","until":6},"geometry":{"type":"Point","coordinates":[-41.1232,83.0545]}},{"type":"Feature","properties":{"name":"MacMillan Ø","until":6},"geometry":{"type":"Point","coordinates":[-40.3308,83.0104]}},{"type":"Feature","properties":{"name":"Kalaallit Nunaat","until":6},"geometry":{"type":"Point","coordinates":[-39.364,76.9097]}},{"type":"Feature","properties":{"name":"Sammisoq","until":6},"geometry":{"type":"Point","coordinates":[-43.9769,60.363]}},{"type":"Feature","properties":{"name":"Tsikiviitsor","until":6},"geometry":{"type":"Point","coordinates":[-40.681,65.8893]}},{"type":"Feature","properties":{"name":"Moa Ø","until":6},"geometry":{"type":"Point","coordinates":[-39.0619,82.9036]}},{"type":"Feature","properties":{"name":"Ammassalik","until":6},"geometry":{"type":"Point","coordinates":[-37.6721,64.9921]}},{"type":"Feature","properties":{"name":"South Georgia","until":6},"geometry":{"type":"Point","coordinates":[-36.3153,-53.7836]}},{"type":"Feature","properties":{"name":"Milne Land","until":6},"geometry":{"type":"Point","coordinates":[-26.0541,72.2414]}},{"type":"Feature","properties":{"name":"Geographical Society Ø","until":6},"geometry":{"type":"Point","coordinates":[-22.6401,73.551]}},{"type":"Feature","properties":{"name":"Traill Ø","until":6},"geometry":{"type":"Point","coordinates":[-23.313,73.8512]}},{"type":"Feature","properties":{"name":"Ymer Ø","until":6},"geometry":{"type":"Point","coordinates":[-24.4048,73.3026]}},{"type":"Feature","properties":{"name":"Prinsesse Thyra Ø","until":6},"geometry":{"type":"Point","coordinates":[-19.2989,82.5703]}},{"type":"Feature","properties":{"name":"Prinsesse Margrethe Ø","until":6},"geometry":{"type":"Point","coordinates":[-17.5919,82.687]}},{"type":"Feature","properties":{"name":"Prinsesse Dagmar Ø","until":6},"geometry":{"type":"Point","coordinates":[-17.78,81.3627]}},{"type":"Feature","properties":{"name":"Prins Frederik Øer","until":6},"geometry":{"type":"Point","coordinates":[-19.5145,81.4495]}},{"type":"Feature","properties":{"name":"Hovgaard Ø","until":6},"geometry":{"type":"Point","coordinates":[-18.6575,79.4884]}},{"type":"Feature","properties":{"name":"Lynn Ø","until":6},"geometry":{"type":"Point","coordinates":[-19.222,79.219]}},{"type":"Feature","properties":{"name":"Qeqertaq Prins Henrik","until":6},"geometry":{"type":"Point","coordinates":[-17.8363,77.256]}},{"type":"Feature","properties":{"name":"Gamma Ø","until":6},"geometry":{"type":"Point","coordinates":[-19.8894,77.0776]}},{"type":"Feature","properties":{"name":"Store Koldewey","until":6},"geometry":{"type":"Point","coordinates":[-18.9624,75.8687]}},{"type":"Feature","properties":{"name":"Lindhard Ø","until":6},"geometry":{"type":"Point","coordinates":[-22.1306,75.8586]}},{"type":"Feature","properties":{"name":"Norske Øer","until":6},"geometry":{"type":"Point","coordinates":[-17.8116,78.1756]}},{"type":"Feature","properties":{"name":"Schnauder Ø","until":6},"geometry":{"type":"Point","coordinates":[-19.5488,78.4793]}},{"type":"Feature","properties":{"name":"Clavering Ø","until":6},"geometry":{"type":"Point","coordinates":[-21.0567,75.2632]}},{"type":"Feature","properties":{"name":"Kuhn Ø","until":6},"geometry":{"type":"Point","coordinates":[-20.2423,74.7314]}},{"type":"Feature","properties":{"name":"Shannon","until":6},"geometry":{"type":"Point","coordinates":[-18.4158,74.4427]}},{"type":"Feature","properties":{"name":"Ísland","until":6},"geometry":{"type":"Point","coordinates":[-18.3238,65.9985]}},{"type":"Feature","properties":{"name":"Lyddan Island","until":6},"geometry":{"type":"Point","coordinates":[-21.0526,-72.3795]}},{"type":"Feature","properties":{"name":"Lyddan Island","until":6},"geometry":{"type":"Point","coordinates":[-21.0526,-75.4837]}},{"type":"Feature","properties":{"name":"Tenerife","until":6},"geometry":{"type":"Point","coordinates":[-16.6237,30.8398]}},{"type":"Feature","properties":{"name":"Jan Mayen","until":6},"geometry":{"type":"Point","coordinates":[-8.1793,71.9641]}},{"type":"Feature","properties":{"name":"Skye","until":6},"geometry":{"type":"Point","coordinates":[-6.2581,57.093]}},{"type":"Feature","properties":{"name":"Mull","until":6},"geometry":{"type":"Point","coordinates":[-5.8763,58.1975]}},{"type":"Feature","properties":{"name":"Leòdhas agus na Hearadh","until":6},"geometry":{"type":"Point","coordinates":[-6.5891,56.3827]}},{"type":"Feature","properties":{"name":"Leòdhas","until":6},"geometry":{"type":"Point","coordinates":[-6.563,56.3774]}},{"type":"Feature","properties":{"name":"Éire / Ireland","until":6},"geometry":{"type":"Point","coordinates":[-7.5435,55.0894]}},{"type":"Feature","properties":{"name":"Great Britain","until":6},"geometry":{"type":"Point","coordinates":[-1.7633,55.6698]}},{"type":"Feature","properties":{"name":"Shetland","until":6},"geometry":{"type":"Point","coordinates":[-1.2524,60.1709]}},{"type":"Feature","properties":{"name":"Blåskimen Island","until":6},"geometry":{"type":"Point","coordinates":[-3.0405,-68.8675]}},{"type":"Feature","properties":{"name":"Novyy Island","until":6},"geometry":{"type":"Point","coordinates":[-2.6216,-72.1094]}},{"type":"Feature","properties":{"name":"Flevopolder","until":6},"geometry":{"type":"Point","coordinates":[5.6511,55.7588]}},{"type":"Feature","properties":{"name":"Flevopolder","until":6},"geometry":{"type":"Point","coordinates":[5.6511,48.9017]}},{"type":"Feature","properties":{"name":"Mallorca","until":6},"geometry":{"type":"Point","coordinates":[3.0185,38.0503]}},{"type":"Feature","properties":{"name":"Tsiolkovskiy Island","until":6},"geometry":{"type":"Point","coordinates":[2.9443,-68.7563]}},{"type":"Feature","properties":{"name":"Nørrejyske Ø","until":6},"geometry":{"type":"Point","coordinates":[10.1225,57.3599]}},{"type":"Feature","properties":{"name":"Prins Karls Forland","until":6},"geometry":{"type":"Point","coordinates":[11.2541,78.7571]}},{"type":"Feature","properties":{"name":"Hitra","until":6},"geometry":{"type":"Point","coordinates":[8.4938,62.3165]}},{"type":"Feature","properties":{"name":"Sardigna/Sardegna","until":6},"geometry":{"type":"Point","coordinates":[9.0775,37.1625]}},{"type":"Feature","properties":{"name":"Fyn","until":6},"geometry":{"type":"Point","coordinates":[10.4137,53.0412]}},{"type":"Feature","properties":{"name":"Flevopolder","until":6},"geometry":{"type":"Point","coordinates":[5.6511,55.7588]}},{"type":"Feature","properties":{"name":"Corse","until":6},"geometry":{"type":"Point","coordinates":[9.12,43.8821]}},{"type":"Feature","properties":{"name":"Flevopolder","until":6},"geometry":{"type":"Point","coordinates":[5.6511,48.9017]}},{"type":"Feature","properties":{"name":"Hinnøya","until":6},"geometry":{"type":"Point","coordinates":[16.3298,70.6299]}},{"type":"Feature","properties":{"name":"Langøya","until":6},"geometry":{"type":"Point","coordinates":[15.0485,70.634]}},{"type":"Feature","properties":{"name":"Andøya","until":6},"geometry":{"type":"Point","coordinates":[15.7173,70.2265]}},{"type":"Feature","properties":{"name":"Hinnøya","until":6},"geometry":{"type":"Point","coordinates":[16.3298,66.534]}},{"type":"Feature","properties":{"name":"Langøya","until":6},"geometry":{"type":"Point","coordinates":[15.0485,66.539]}},{"type":"Feature","properties":{"name":"Austvågøya","until":6},"geometry":{"type":"Point","coordinates":[14.4841,66.9344]}},{"type":"Feature","properties":{"name":"Vestvågøya","until":6},"geometry":{"type":"Point","coordinates":[13.6807,67.0005]}},{"type":"Feature","properties":{"name":"Öland","until":6},"geometry":{"type":"Point","coordinates":[16.5921,57.9834]}},{"type":"Feature","properties":{"name":"Rügen","until":6},"geometry":{"type":"Point","coordinates":[13.3649,53.9132]}},{"type":"Feature","properties":{"name":"Sjælland","until":6},"geometry":{"type":"Point","coordinates":[11.6895,52.8434]}},{"type":"Feature","properties":{"name":"Lolland","until":6},"geometry":{"type":"Point","coordinates":[11.4684,53.5721]}},{"type":"Feature","properties":{"name":"Isola di Sicilia","until":6},"geometry":{"type":"Point","coordinates":[14.3413,40.0644]}},{"type":"Feature","properties":{"name":"Verblyud Island","until":6},"geometry":{"type":"Point","coordinates":[15.9467,-69.4595]}},{"type":"Feature","properties":{"name":"Ringvassøya","until":6},"geometry":{"type":"Point","coordinates":[19.1588,69.4035]}},{"type":"Feature","properties":{"name":"Kvaløya","until":6},"geometry":{"type":"Point","coordinates":[18.5614,69.6914]}},{"type":"Feature","properties":{"name":"Senja","until":6},"geometry":{"type":"Point","coordinates":[17.596,70.0206]}},{"type":"Feature","properties":{"name":"Sørøya","until":6},"geometry":{"type":"Point","coordinates":[22.4217,68.6995]}},{"type":"Feature","properties":{"name":"Lågøya","until":6},"geometry":{"type":"Point","coordinates":[18.3417,80.9757]}},{"type":"Feature","properties":{"name":"Wilhelmøya","until":6},"geometry":{"type":"Point","coordinates":[20.4387,78.1802]}},{"type":"Feature","properties":{"name":"Barentsøya","until":6},"geometry":{"type":"Point","coordinates":[21.378,78.8475]}},{"type":"Feature","properties":{"name":"Spitsbergen","until":6},"geometry":{"type":"Point","coordinates":[18.251,78.3854]}},{"type":"Feature","properties":{"name":"Bjørnøya","until":6},"geometry":{"type":"Point","coordinates":[19.0297,75.1016]}},{"type":"Feature","properties":{"name":"Gotland","until":6},"geometry":{"type":"Point","coordinates":[18.4763,57.1675]}},{"type":"Feature","properties":{"name":"Södertörn","until":6},"geometry":{"type":"Point","coordinates":[17.9942,61.2795]}},{"type":"Feature","properties":{"name":"Fasta Åland","until":6},"geometry":{"type":"Point","coordinates":[19.8853,60.3174]}},{"type":"Feature","properties":{"name":"Žitný ostrov","until":6},"geometry":{"type":"Point","coordinates":[17.8047,46.215]}},{"type":"Feature","properties":{"name":"Magerøya","until":6},"geometry":{"type":"Point","coordinates":[25.7643,72.0079]}},{"type":"Feature","properties":{"name":"Kvaløya","until":6},"geometry":{"type":"Point","coordinates":[23.8623,72.3824]}},{"type":"Feature","properties":{"name":"Nordaustlandet","until":6},"geometry":{"type":"Point","coordinates":[23.9626,79.653]}},{"type":"Feature","properties":{"name":"Svenskøya","until":6},"geometry":{"type":"Point","coordinates":[26.6624,78.522]}},{"type":"Feature","properties":{"name":"Seiland","until":6},"geometry":{"type":"Point","coordinates":[23.4627,68.8204]}},{"type":"Feature","properties":{"name":"Kvaløya","until":6},"geometry":{"type":"Point","coordinates":[23.8623,68.6406]}},{"type":"Feature","properties":{"name":"Edgeøya","until":6},"geometry":{"type":"Point","coordinates":[22.6552,77.065]}},{"type":"Feature","properties":{"name":"Saaremaa","until":6},"geometry":{"type":"Point","coordinates":[22.6717,56.196]}},{"type":"Feature","properties":{"name":"Hiiumaa","until":6},"geometry":{"type":"Point","coordinates":[22.6511,61.5201]}},{"type":"Feature","properties":{"name":"Κρήτη","until":6},"geometry":{"type":"Point","coordinates":[25.0488,33.4761]}},{"type":"Feature","properties":{"name":"Εύβοια","until":6},"geometry":{"type":"Point","coordinates":[23.876,39.1045]}},{"type":"Feature","properties":{"name":"Λέσβος","until":6},"geometry":{"type":"Point","coordinates":[26.2724,38.3524]}},{"type":"Feature","properties":{"name":"Kvitøya","until":6},"geometry":{"type":"Point","coordinates":[32.6665,81.064]}},{"type":"Feature","properties":{"name":"Kongsøya","until":6},"geometry":{"type":"Point","coordinates":[28.5507,78.3353]}},{"type":"Feature","properties":{"name":"Sääminginsalo","until":6},"geometry":{"type":"Point","coordinates":[29.052,63.8043]}},{"type":"Feature","properties":{"name":"Soisalo","until":6},"geometry":{"type":"Point","coordinates":[28.3447,63.4296]}},{"type":"Feature","properties":{"name":"Ostrovul Letea","until":6},"geometry":{"type":"Point","coordinates":[29.3129,48.7281]}},{"type":"Feature","properties":{"name":"Κύπρος","until":6},"geometry":{"type":"Point","coordinates":[33.2845,33.5963]}},{"type":"Feature","properties":{"name":"دلتا نهر النيل","until":6},"geometry":{"type":"Point","coordinates":[31.0542,27.748]}},{"type":"Feature","properties":{"name":"Ez Zeraf island","until":6},"geometry":{"type":"Point","coordinates":[30.5489,7.9763]}},{"type":"Feature","properties":{"name":"Остров Брюса","until":6},"geometry":{"type":"Point","coordinates":[50.0537,81.1015]}},{"type":"Feature","properties":{"name":"Земля Александры","until":6},"geometry":{"type":"Point","coordinates":[46.5958,80.6807]}},{"type":"Feature","properties":{"name":"Земля Георга","until":6},"geometry":{"type":"Point","coordinates":[50.4575,80.6448]}},{"type":"Feature","properties":{"name":"остров Колгуев","until":6},"geometry":{"type":"Point","coordinates":[49.0388,70.1902]}},{"type":"Feature","properties":{"name":"Madagasikara / Madagascar","until":6},"geometry":{"type":"Point","coordinates":[46.6795,-19.7034]}},{"type":"Feature","properties":{"name":"Остров Кетлица","until":6},"geometry":{"type":"Point","coordinates":[53.3963,80.7853]}},{"type":"Feature","properties":{"name":"Остров Нансена","until":6},"geometry":{"type":"Point","coordinates":[54.1214,80.7996]}},{"type":"Feature","properties":{"name":"Остров Гукера","until":6},"geometry":{"type":"Point","coordinates":[53.1285,81.0423]}},{"type":"Feature","properties":{"name":"остров Луиджи","until":6},"geometry":{"type":"Point","coordinates":[55.0401,80.4859]}},{"type":"Feature","properties":{"name":"Остров Брейди","until":6},"geometry":{"type":"Point","coordinates":[55.3546,80.9899]}},{"type":"Feature","properties":{"name":"Остров Артура","until":6},"geometry":{"type":"Point","coordinates":[50.7198,81.882]}},{"type":"Feature","properties":{"name":"Восточный Нортбрук","until":6},"geometry":{"type":"Point","coordinates":[50.8585,79.3923]}},{"type":"Feature","properties":{"name":"Южный остров","until":6},"geometry":{"type":"Point","coordinates":[53.9539,70.9968]}},{"type":"Feature","properties":{"name":"остров Междушарский","until":6},"geometry":{"type":"Point","coordinates":[52.961,71.8729]}},{"type":"Feature","properties":{"name":"سقطرى","until":6},"geometry":{"type":"Point","coordinates":[53.6504,15.3676]}},{"type":"Feature","properties":{"name":"La Réunion","until":6},"geometry":{"type":"Point","coordinates":[55.507,-17.4895]}},{"type":"Feature","properties":{"name":"Остров Сальм","until":6},"geometry":{"type":"Point","coordinates":[59.4086,79.352]}},{"type":"Feature","properties":{"name":"остров Джексона","until":6},"geometry":{"type":"Point","coordinates":[56.9325,81.7143]}},{"type":"Feature","properties":{"name":"остров Пайера","until":6},"geometry":{"type":"Point","coordinates":[57.5423,81.8635]}},{"type":"Feature","properties":{"name":"остров Райнера","until":6},"geometry":{"type":"Point","coordinates":[58.9073,81.6734]}},{"type":"Feature","properties":{"name":"остров Карла-Александра","until":6},"geometry":{"type":"Point","coordinates":[58.0614,81.6079]}},{"type":"Feature","properties":{"name":"остров Рудольфа","until":6},"geometry":{"type":"Point","coordinates":[58.8455,81.2333]}},{"type":"Feature","properties":{"name":"остров Вайгач","until":6},"geometry":{"type":"Point","coordinates":[59.3317,69.2411]}},{"type":"Feature","properties":{"name":"Остров Хейса","until":6},"geometry":{"type":"Point","coordinates":[57.637,80.7138]}},{"type":"Feature","properties":{"name":"Остров Ла-Ронсьер","until":6},"geometry":{"type":"Point","coordinates":[60.7695,80.2982]}},{"type":"Feature","properties":{"name":"Земля Вильчека","until":6},"geometry":{"type":"Point","coordinates":[60.7379,80.6733]}},{"type":"Feature","properties":{"name":"Остров Галля","until":6},"geometry":{"type":"Point","coordinates":[57.9158,80.9167]}},{"type":"Feature","properties":{"name":"Остров Мак-Клинтока","until":6},"geometry":{"type":"Point","coordinates":[56.6071,81.0555]}},{"type":"Feature","properties":{"name":"остров Чамп","until":6},"geometry":{"type":"Point","coordinates":[56.4491,80.6074]}},{"type":"Feature","properties":{"name":"остров Солсбери","until":6},"geometry":{"type":"Point","coordinates":[57.2278,80.5151]}},{"type":"Feature","properties":{"name":"Остров Винер-Нейштадт","until":6},"geometry":{"type":"Point","coordinates":[58.4171,80.4891]}},{"type":"Feature","properties":{"name":"остров Циглера","until":6},"geometry":{"type":"Point","coordinates":[57.6961,80.3981]}},{"type":"Feature","properties":{"name":"остров Грили","until":6},"geometry":{"type":"Point","coordinates":[58.4116,80.2882]}},{"type":"Feature","properties":{"name":"Северный остров","until":6},"geometry":{"type":"Point","coordinates":[59.9359,76.7486]}},{"type":"Feature","properties":{"name":"остров Ева-Лив","until":6},"geometry":{"type":"Point","coordinates":[63.1714,81.3914]}},{"type":"Feature","properties":{"name":"Греэм-Белл","until":6},"geometry":{"type":"Point","coordinates":[63.7221,80.4745]}},{"type":"Feature","properties":{"name":"Белый остров","until":6},"geometry":{"type":"Point","coordinates":[70.5405,73.2611]}},{"type":"Feature","properties":{"name":"Grande Terre","until":6},"geometry":{"type":"Point","coordinates":[69.126,-52.1192]}},{"type":"Feature","properties":{"name":"Gillock Island","until":6},"geometry":{"type":"Point","coordinates":[71.8616,-68.7961]}},{"type":"Feature","properties":{"name":"остров Визе","until":6},"geometry":{"type":"Point","coordinates":[76.6969,79.8031]}},{"type":"Feature","properties":{"name":"остров Шокальского","until":6},"geometry":{"type":"Point","coordinates":[74.4585,73.437]}},{"type":"Feature","properties":{"name":"Олений остров","until":6},"geometry":{"type":"Point","coordinates":[77.7489,73.9438]}},{"type":"Feature","properties":{"name":"остров Ушакова","until":6},"geometry":{"type":"Point","coordinates":[79.5012,80.4679]}},{"type":"Feature","properties":{"name":"Большой остров","until":6},"geometry":{"type":"Point","coordinates":[81.8262,74.1944]}},{"type":"Feature","properties":{"name":"Sri Lanka","until":6},"geometry":{"type":"Point","coordinates":[80.891,9.7849]}},{"type":"Feature","properties":{"name":"Остров Сибирякова","until":6},"geometry":{"type":"Point","coordinates":[79.1331,73.5883]}},{"type":"Feature","properties":{"name":"остров Колосовых","until":6},"geometry":{"type":"Point","coordinates":[86.9733,74.6142]}},{"type":"Feature","properties":{"name":"Oстров Исаченко","until":6},"geometry":{"type":"Point","coordinates":[89.4589,77.7098]}},{"type":"Feature","properties":{"name":"Большой Зелёный","until":6},"geometry":{"type":"Point","coordinates":[87.2218,72.4239]}},{"type":"Feature","properties":{"name":"Mikhaylov Island","until":6},"geometry":{"type":"Point","coordinates":[85.6412,-68.3562]}},{"type":"Feature","properties":{"name":"остров Шмидта","until":6},"geometry":{"type":"Point","coordinates":[90.9407,81.895]}},{"type":"Feature","properties":{"name":"остров Крупской","until":6},"geometry":{"type":"Point","coordinates":[91.626,79.682]}},{"type":"Feature","properties":{"name":"остров Пионер","until":6},"geometry":{"type":"Point","coordinates":[92.8825,79.4781]}},{"type":"Feature","properties":{"name":"остров Комсомолец","until":6},"geometry":{"type":"Point","coordinates":[95.0523,80.7553]}},{"type":"Feature","properties":{"name":"остров Октябрьской Революции","until":6},"geometry":{"type":"Point","coordinates":[96.725,79.9213]}},{"type":"Feature","properties":{"name":"остров Таймыр","until":6},"geometry":{"type":"Point","coordinates":[95.9148,76.1601]}},{"type":"Feature","properties":{"name":"Pulau Nias","until":6},"geometry":{"type":"Point","coordinates":[97.6891,4.6394]}},{"type":"Feature","properties":{"name":"Pulau Siberut","until":6},"geometry":{"type":"Point","coordinates":[98.8358,-4.3752]}},{"type":"Feature","properties":{"name":"Русский остров","until":6},"geometry":{"type":"Point","coordinates":[96.1331,77.8826]}},{"type":"Feature","properties":{"name":"Masson Island","until":6},"geometry":{"type":"Point","coordinates":[96.5547,-64.5856]}},{"type":"Feature","properties":{"name":"Mill Island","until":6},"geometry":{"type":"Point","coordinates":[100.7584,-65.1888]}},{"type":"Feature","properties":{"name":"остров Большевик","until":6},"geometry":{"type":"Point","coordinates":[103.3868,78.7493]}},{"type":"Feature","properties":{"name":"остров Старокадомского","until":6},"geometry":{"type":"Point","coordinates":[106.2982,79.0282]}},{"type":"Feature","properties":{"name":"Sumatra","until":6},"geometry":{"type":"Point","coordinates":[103.5503,-2.5754]}},{"type":"Feature","properties":{"name":"Pulau Bangka","until":6},"geometry":{"type":"Point","coordinates":[106.36,-2.9334]}},{"type":"Feature","properties":{"name":"остров Малый Таймыр","until":6},"geometry":{"type":"Point","coordinates":[107.4998,79.1183]}},{"type":"Feature","properties":{"name":"остров Северный","until":6},"geometry":{"type":"Point","coordinates":[112.2171,75.7967]}},{"type":"Feature","properties":{"name":"海南岛","until":6},"geometry":{"type":"Point","coordinates":[109.5996,19.53]}},{"type":"Feature","properties":{"name":"Jawa","until":6},"geometry":{"type":"Point","coordinates":[111.2283,-9.3366]}},{"type":"Feature","properties":{"name":"Pulau Belitung","until":6},"geometry":{"type":"Point","coordinates":[107.986,-2.7469]}},{"type":"Feature","properties":{"name":"остров Большой Бегичев","until":6},"geometry":{"type":"Point","coordinates":[112.6717,75.2072]}},{"type":"Feature","properties":{"name":"Palawan","until":6},"geometry":{"type":"Point","coordinates":[117.897,7.7545]}},{"type":"Feature","properties":{"name":"Borneo / Kalimantan","until":6},"geometry":{"type":"Point","coordinates":[114.4034,5.2346]}},{"type":"Feature","properties":{"name":"Pulau Bali","until":6},"geometry":{"type":"Point","coordinates":[115.1917,-8.4764]}},{"type":"Feature","properties":{"name":"Madura","until":6},"geometry":{"type":"Point","coordinates":[113.3981,-9.751]}},{"type":"Feature","properties":{"name":"Pulau Sumbawa","until":6},"geometry":{"type":"Point","coordinates":[117.1802,-8.066]}},{"type":"Feature","properties":{"name":"Lombok","until":6},"geometry":{"type":"Point","coordinates":[116.3576,-8.2591]}},{"type":"Feature","properties":{"name":"Кюрюэлях-Сис","until":6},"geometry":{"type":"Point","coordinates":[123.5468,73.514]}},{"type":"Feature","properties":{"name":"Panay","until":6},"geometry":{"type":"Point","coordinates":[122.4069,5.7185]}},{"type":"Feature","properties":{"name":"Negros","until":6},"geometry":{"type":"Point","coordinates":[122.7859,7.0954]}},{"type":"Feature","properties":{"name":"Mindoro","until":6},"geometry":{"type":"Point","coordinates":[121.0982,14.8081]}},{"type":"Feature","properties":{"name":"Masbate","until":6},"geometry":{"type":"Point","coordinates":[123.4341,15.504]}},{"type":"Feature","properties":{"name":"Sulawesi","until":6},"geometry":{"type":"Point","coordinates":[120.2921,-3.6423]}},{"type":"Feature","properties":{"name":"Buton","until":6},"geometry":{"type":"Point","coordinates":[123.0153,-1.045]}},{"type":"Feature","properties":{"name":"Muna","until":6},"geometry":{"type":"Point","coordinates":[122.5443,-0.7223]}},{"type":"Feature","properties":{"name":"Flores","until":6},"geometry":{"type":"Point","coordinates":[120.3497,-8.2536]}},{"type":"Feature","properties":{"name":"Sumba","until":6},"geometry":{"type":"Point","coordinates":[120.3072,-6.8337]}},{"type":"Feature","properties":{"name":"臺灣","until":6},"geometry":{"type":"Point","coordinates":[120.7892,25.6477]}},{"type":"Feature","properties":{"name":"Luzon","until":6},"geometry":{"type":"Point","coordinates":[121.3783,21.6396]}},{"type":"Feature","properties":{"name":"Курунгнах-Сисе","until":6},"geometry":{"type":"Point","coordinates":[126.0036,70.603]}},{"type":"Feature","properties":{"name":"Харданг-Сисе","until":6},"geometry":{"type":"Point","coordinates":[124.655,73.6638]}},{"type":"Feature","properties":{"name":"Собо-Сисе","until":6},"geometry":{"type":"Point","coordinates":[128.2159,73.943]}},{"type":"Feature","properties":{"name":"Атамай-Арыта","until":6},"geometry":{"type":"Point","coordinates":[128.0704,73.3876]}},{"type":"Feature","properties":{"name":"Малыга-Сисе","until":6},"geometry":{"type":"Point","coordinates":[126.2357,73.3939]}},{"type":"Feature","properties":{"name":"Курунгнах-Сисе","until":6},"geometry":{"type":"Point","coordinates":[126.0036,74.0116]}},{"type":"Feature","properties":{"name":"Турах-Сисе","until":6},"geometry":{"type":"Point","coordinates":[123.9175,73.4041]}},{"type":"Feature","properties":{"name":"Арга-Муора-Сисе","until":6},"geometry":{"type":"Point","coordinates":[124.5616,73.1122]}},{"type":"Feature","properties":{"name":"Leyte","until":6},"geometry":{"type":"Point","coordinates":[124.8267,16.6875]}},{"type":"Feature","properties":{"name":"Samar","until":6},"geometry":{"type":"Point","coordinates":[124.9626,15.5926]}},{"type":"Feature","properties":{"name":"제주도","until":6},"geometry":{"type":"Point","coordinates":[126.5474,35.2232]}},{"type":"Feature","properties":{"name":"Leyte","until":6},"geometry":{"type":"Point","coordinates":[124.8267,5.6693]}},{"type":"Feature","properties":{"name":"Cebu","until":6},"geometry":{"type":"Point","coordinates":[123.8612,6.2771]}},{"type":"Feature","properties":{"name":"Bohol","until":6},"geometry":{"type":"Point","coordinates":[124.2664,6.9033]}},{"type":"Feature","properties":{"name":"Mindanao","until":6},"geometry":{"type":"Point","coordinates":[124.986,9.2634]}},{"type":"Feature","properties":{"name":"Pulau Wetar","until":6},"geometry":{"type":"Point","coordinates":[126.3977,-9.0099]}},{"type":"Feature","properties":{"name":"Timor","until":6},"geometry":{"type":"Point","coordinates":[124.357,-7.1663]}},{"type":"Feature","properties":{"name":"Pulau Halmahera","until":6},"geometry":{"type":"Point","coordinates":[128.3945,4.4272]}},{"type":"Feature","properties":{"name":"Pulau Buru","until":6},"geometry":{"type":"Point","coordinates":[126.6559,-2.1638]}},{"type":"Feature","properties":{"name":"Pulau Obi","until":6},"geometry":{"type":"Point","coordinates":[127.6103,-4.0629]}},{"type":"Feature","properties":{"name":"Pulau Taliabu","until":6},"geometry":{"type":"Point","coordinates":[124.6152,-3.8218]}},{"type":"Feature","properties":{"name":"四国","until":6},"geometry":{"type":"Point","coordinates":[134.1513,34.6919]}},{"type":"Feature","properties":{"name":"九州","until":6},"geometry":{"type":"Point","coordinates":[131.2592,35.7242]}},{"type":"Feature","properties":{"name":"Pulau Yamdena","until":6},"geometry":{"type":"Point","coordinates":[131.4212,-9.2377]}},{"type":"Feature","properties":{"name":"Trangan","until":6},"geometry":{"type":"Point","coordinates":[134.3491,-10.2541]}},{"type":"Feature","properties":{"name":"Melville Island","until":6},"geometry":{"type":"Point","coordinates":[130.99,-16.2345]}},{"type":"Feature","properties":{"name":"Pulau Seram","until":6},"geometry":{"type":"Point","coordinates":[130.2635,-2.3463]}},{"type":"Feature","properties":{"name":"Pulau Waigeo","until":6},"geometry":{"type":"Point","coordinates":[131.0243,-5.4274]}},{"type":"Feature","properties":{"name":"Бельковский остров","until":6},"geometry":{"type":"Point","coordinates":[135.8652,76.7278]}},{"type":"Feature","properties":{"name":"остров Ярок","until":6},"geometry":{"type":"Point","coordinates":[137.7905,71.5375]}},{"type":"Feature","properties":{"name":"остров Большой Шантар","until":6},"geometry":{"type":"Point","coordinates":[137.7287,53.4046]}},{"type":"Feature","properties":{"name":"本州","until":6},"geometry":{"type":"Point","coordinates":[138.219,32.3707]}},{"type":"Feature","properties":{"name":"Groote Eylandt","until":6},"geometry":{"type":"Point","coordinates":[136.5793,-13.8034]}},{"type":"Feature","properties":{"name":"Pulau Dolok","until":6},"geometry":{"type":"Point","coordinates":[138.3192,-8.8566]}},{"type":"Feature","properties":{"name":"Котельный остров","until":6},"geometry":{"type":"Point","coordinates":[139.3108,74.1551]}},{"type":"Feature","properties":{"name":"Малый Ляховский остров","until":6},"geometry":{"type":"Point","coordinates":[140.6168,75.4389]}},{"type":"Feature","properties":{"name":"Столбовой остров","until":6},"geometry":{"type":"Point","coordinates":[135.9119,75.4693]}},{"type":"Feature","properties":{"name":"Kangaroo Island","until":6},"geometry":{"type":"Point","coordinates":[137.3346,-32.7676]}},{"type":"Feature","properties":{"name":"Большой Ляховский остров","until":6},"geometry":{"type":"Point","coordinates":[142.0505,72.8982]}},{"type":"Feature","properties":{"name":"Сахалин","until":6},"geometry":{"type":"Point","coordinates":[142.9788,51.5113]}},{"type":"Feature","properties":{"name":"Кунашир","until":6},"geometry":{"type":"Point","coordinates":[146.1594,41.7396]}},{"type":"Feature","properties":{"name":"北海道","until":6},"geometry":{"type":"Point","coordinates":[142.7921,42.639]}},{"type":"Feature","properties":{"name":"New Guinea / Papua / Niugini","until":6},"geometry":{"type":"Point","coordinates":[140.9038,-0.0714]}},{"type":"Feature","properties":{"name":"New Guinea / Papua / Niugini","until":6},"geometry":{"type":"Point","coordinates":[140.9038,-11.2484]}},{"type":"Feature","properties":{"name":"остров Беннетта","until":6},"geometry":{"type":"Point","coordinates":[148.987,75.6569]}},{"type":"Feature","properties":{"name":"Итуруп","until":6},"geometry":{"type":"Point","coordinates":[147.9076,40.9623]}},{"type":"Feature","properties":{"name":"Итуруп","until":6},"geometry":{"type":"Point","coordinates":[147.9076,48.9072]}},{"type":"Feature","properties":{"name":"Уруп","until":6},"geometry":{"type":"Point","coordinates":[150.0018,48.1184]}},{"type":"Feature","properties":{"name":"остров Новая Сибирь","until":6},"geometry":{"type":"Point","coordinates":[148.9938,74.5799]}},{"type":"Feature","properties":{"name":"New Britain","until":6},"geometry":{"type":"Point","coordinates":[149.9716,-10.9358]}},{"type":"Feature","properties":{"name":"Tasmania","until":6},"geometry":{"type":"Point","coordinates":[146.4835,-43.9642]}},{"type":"Feature","properties":{"name":"Парамушир","until":6},"geometry":{"type":"Point","coordinates":[155.9866,50.8952]}},{"type":"Feature","properties":{"name":"New Ireland","until":6},"geometry":{"type":"Point","coordinates":[152.8542,-1.2015]}},{"type":"Feature","properties":{"name":"Choiseul","until":6},"geometry":{"type":"Point","coordinates":[156.9232,-9.7997]}},{"type":"Feature","properties":{"name":"Bougainville","until":6},"geometry":{"type":"Point","coordinates":[155.5513,-10.2474]}},{"type":"Feature","properties":{"name":"Мархаяновский","until":6},"geometry":{"type":"Point","coordinates":[161.2875,70.1572]}},{"type":"Feature","properties":{"name":"Guadalcanal Island","until":6},"geometry":{"type":"Point","coordinates":[160.0914,-7.1731]}},{"type":"Feature","properties":{"name":"Makira","until":6},"geometry":{"type":"Point","coordinates":[161.9275,-6.1788]}},{"type":"Feature","properties":{"name":"Malaita","until":6},"geometry":{"type":"Point","coordinates":[160.9648,-7.7967]}},{"type":"Feature","properties":{"name":"Santa Isabel","until":6},"geometry":{"type":"Point","coordinates":[159.4144,-8.6584]}},{"type":"Feature","properties":{"name":"Остров Беринга","until":6},"geometry":{"type":"Point","coordinates":[166.1037,53.0371]}},{"type":"Feature","properties":{"name":"Айон","until":6},"geometry":{"type":"Point","coordinates":[168.6168,69.5316]}},{"type":"Feature","properties":{"name":"Карагинский остров","until":6},"geometry":{"type":"Point","coordinates":[164.3115,61.4624]}},{"type":"Feature","properties":{"name":"Espiritu Santo","until":6},"geometry":{"type":"Point","coordinates":[166.9345,-12.4567]}},{"type":"Feature","properties":{"name":"Grande-Terre","until":6},"geometry":{"type":"Point","coordinates":[165.0874,-17.5851]}},{"type":"Feature","properties":{"name":"Stewart Island / Rakiura","until":6},"geometry":{"type":"Point","coordinates":[167.8656,-47.2625]}},{"type":"Feature","properties":{"name":"Ross Island","until":6},"geometry":{"type":"Point","coordinates":[167.0444,-77.394]}},{"type":"Feature","properties":{"name":"Brown Peninsula","until":6},"geometry":{"type":"Point","coordinates":[165.4596,-76.8364]}},{"type":"Feature","properties":{"name":"Uberuaga Island","until":6},"geometry":{"type":"Point","coordinates":[165.5832,-76.9817]}},{"type":"Feature","properties":{"name":"Brown Peninsula","until":6},"geometry":{"type":"Point","coordinates":[165.4596,-79.1677]}},{"type":"Feature","properties":{"name":"Black Island","until":6},"geometry":{"type":"Point","coordinates":[166.4264,-79.0288]}},{"type":"Feature","properties":{"name":"White Island","until":6},"geometry":{"type":"Point","coordinates":[167.2229,-79.045]}},{"type":"Feature","properties":{"name":"Attu Island","until":6},"geometry":{"type":"Point","coordinates":[172.9688,55.39]}},{"type":"Feature","properties":{"name":"Coulman Island","until":6},"geometry":{"type":"Point","coordinates":[169.7401,-72.9233]}},{"type":"Feature","properties":{"name":"South Island / Te Waipounamu","until":6},"geometry":{"type":"Point","coordinates":[169.0356,-48.652]}},{"type":"Feature","properties":{"name":"Vanua Levu","until":6},"geometry":{"type":"Point","coordinates":[179.0771,-11.2027]}},{"type":"Feature","properties":{"name":"Vanua Levu","until":6},"geometry":{"type":"Point","coordinates":[179.0771,-21.966]}},{"type":"Feature","properties":{"name":"Viti Levu","until":6},"geometry":{"type":"Point","coordinates":[177.9236,-20.7715]}},{"type":"Feature","properties":{"name":"North Island / Te Ika-a-Māui","until":6},"geometry":{"type":"Point","coordinates":[175.8829,-38.8782]}},{"type":"Feature","properties":{"name":"Tanaga Island","until":7},"geometry":{"type":"Point","coordinates":[-178.0183,51.3932]}},{"type":"Feature","properties":{"name":"Kanaga Island","until":7},"geometry":{"type":"Point","coordinates":[-177.2651,51.4951]}},{"type":"Feature","properties":{"name":"Adak Island","until":7},"geometry":{"type":"Point","coordinates":[-176.6437,51.4775]}},{"type":"Feature","properties":{"name":"Chatham Island","until":7},"geometry":{"type":"Point","coordinates":[-176.4995,-44.1674]}},{"type":"Feature","properties":{"name":"остров Аракамчечен","until":7},"geometry":{"type":"Point","coordinates":[-172.3782,64.7829]}},{"type":"Feature","properties":{"name":"Amlia Island","until":7},"geometry":{"type":"Point","coordinates":[-173.6272,51.1324]}},{"type":"Feature","properties":{"name":"Saint Matthew Island","until":7},"geometry":{"type":"Point","coordinates":[-172.9722,61.3326]}},{"type":"Feature","properties":{"name":"Savāiʻi","until":7},"geometry":{"type":"Point","coordinates":[-172.4393,-11.4834]}},{"type":"Feature","properties":{"name":"Akutan Island","until":7},"geometry":{"type":"Point","coordinates":[-165.9588,52.5079]}},{"type":"Feature","properties":{"name":"Akutan Island","until":7},"geometry":{"type":"Point","coordinates":[-165.9588,55.7997]}},{"type":"Feature","properties":{"name":"Stuart Island","until":7},"geometry":{"type":"Point","coordinates":[-162.5194,63.51]}},{"type":"Feature","properties":{"name":"Hagemeister Island","until":7},"geometry":{"type":"Point","coordinates":[-160.947,57.4889]}},{"type":"Feature","properties":{"name":"Unga Island","until":7},"geometry":{"type":"Point","coordinates":[-160.7417,54.6984]}},{"type":"Feature","properties":{"name":"Nagai Island","until":7},"geometry":{"type":"Point","coordinates":[-160.0571,54.8904]}},{"type":"Feature","properties":{"name":"Kauaʻi","until":7},"geometry":{"type":"Point","coordinates":[-159.54,24.4215]}},{"type":"Feature","properties":{"name":"Oʻahu","until":7},"geometry":{"type":"Point","coordinates":[-158.004,19.7402]}},{"type":"Feature","properties":{"name":"Molokaʻi","until":7},"geometry":{"type":"Point","coordinates":[-157.1883,20.1204]}},{"type":"Feature","properties":{"name":"Maui","until":7},"geometry":{"type":"Point","coordinates":[-156.2936,20.5042]}},{"type":"Feature","properties":{"name":"Hawaiʻi","until":7},"geometry":{"type":"Point","coordinates":[-155.5245,21.584]}},{"type":"Feature","properties":{"name":"Sitkalidak Island","until":7},"geometry":{"type":"Point","coordinates":[-153.1522,55.9803]}},{"type":"Feature","properties":{"name":"Sitkinak Island","until":7},"geometry":{"type":"Point","coordinates":[-154.1924,56.5629]}},{"type":"Feature","properties":{"name":"Raspberry Island","until":7},"geometry":{"type":"Point","coordinates":[-153.1535,58.1015]}},{"type":"Feature","properties":{"name":"Shuyak Island","until":7},"geometry":{"type":"Point","coordinates":[-152.4889,57.6046]}},{"type":"Feature","properties":{"name":"Shuyak Island State Park","until":7},"geometry":{"type":"Point","coordinates":[-152.493,57.616]}},{"type":"Feature","properties":{"name":"Fisher Island","until":7},"geometry":{"type":"Point","coordinates":[-154.2776,-77.2097]}},{"type":"Feature","properties":{"name":"Olson Island","until":7},"geometry":{"type":"Point","coordinates":[-153.1659,-77.0817]}},{"type":"Feature","properties":{"name":"Tahiti","until":7},"geometry":{"type":"Point","coordinates":[-149.4505,-18.3135]}},{"type":"Feature","properties":{"name":"Orr Island","until":7},"geometry":{"type":"Point","coordinates":[-149.4868,-77.9848]}},{"type":"Feature","properties":{"name":"Madden Island","until":7},"geometry":{"type":"Point","coordinates":[-149.0213,-76.8596]}},{"type":"Feature","properties":{"name":"Moody Island","until":7},"geometry":{"type":"Point","coordinates":[-149.3612,-76.9808]}},{"type":"Feature","properties":{"name":"Hinchinbrook Island","until":7},"geometry":{"type":"Point","coordinates":[-146.5494,61.4424]}},{"type":"Feature","properties":{"name":"Hawkins Island","until":7},"geometry":{"type":"Point","coordinates":[-146.2067,61.3658]}},{"type":"Feature","properties":{"name":"Knight Island","until":7},"geometry":{"type":"Point","coordinates":[-147.8094,61.5809]}},{"type":"Feature","properties":{"name":"Nolan Island","until":7},"geometry":{"type":"Point","coordinates":[-147.3569,-77.1096]}},{"type":"Feature","properties":{"name":"Hannah Island","until":7},"geometry":{"type":"Point","coordinates":[-148.827,-76.3742]}},{"type":"Feature","properties":{"name":"Morris Island","until":7},"geometry":{"type":"Point","coordinates":[-147.7723,-76.4182]}},{"type":"Feature","properties":{"name":"Herschel Island","until":7},"geometry":{"type":"Point","coordinates":[-139.1171,68.7284]}},{"type":"Feature","properties":{"name":"Yakobi Island","until":7},"geometry":{"type":"Point","coordinates":[-136.4591,58.1794]}},{"type":"Feature","properties":{"name":"Kruzof Island","until":7},"geometry":{"type":"Point","coordinates":[-135.699,56.0448]}},{"type":"Feature","properties":{"name":"Ellice Island","until":7},"geometry":{"type":"Point","coordinates":[-135.8645,69.1818]}},{"type":"Feature","properties":{"name":"Dall Island","until":7},"geometry":{"type":"Point","coordinates":[-133.054,54.9717]}},{"type":"Feature","properties":{"name":"Wrangell Island","until":7},"geometry":{"type":"Point","coordinates":[-132.1786,56.8482]}},{"type":"Feature","properties":{"name":"Mitkof Island","until":7},"geometry":{"type":"Point","coordinates":[-132.8371,56.4185]}},{"type":"Feature","properties":{"name":"Zarembo Island","until":7},"geometry":{"type":"Point","coordinates":[-132.846,56.7727]}},{"type":"Feature","properties":{"name":"Kosiusko Island","until":7},"geometry":{"type":"Point","coordinates":[-133.6068,57.0803]}},{"type":"Feature","properties":{"name":"Teresa Island","until":7},"geometry":{"type":"Point","coordinates":[-133.7846,59.6448]}},{"type":"Feature","properties":{"name":"Douglas Island","until":7},"geometry":{"type":"Point","coordinates":[-134.5537,57.8718]}},{"type":"Feature","properties":{"name":"Shepard Island","until":7},"geometry":{"type":"Point","coordinates":[-132.64,-74.3613]}},{"type":"Feature","properties":{"name":"Pearse Island","until":7},"geometry":{"type":"Point","coordinates":[-130.3645,55.1118]}},{"type":"Feature","properties":{"name":"Annette Island","until":7},"geometry":{"type":"Point","coordinates":[-131.4459,54.8137]}},{"type":"Feature","properties":{"name":"Gravina Island","until":7},"geometry":{"type":"Point","coordinates":[-131.7803,54.6186]}},{"type":"Feature","properties":{"name":"McCauley Island","until":7},"geometry":{"type":"Point","coordinates":[-130.2299,53.0003]}},{"type":"Feature","properties":{"name":"Porcher Island","until":7},"geometry":{"type":"Point","coordinates":[-130.5286,52.6606]}},{"type":"Feature","properties":{"name":"Louise Island","until":7},"geometry":{"type":"Point","coordinates":[-131.7577,53.7117]}},{"type":"Feature","properties":{"name":"Nootka Island","until":7},"geometry":{"type":"Point","coordinates":[-126.763,49.9614]}},{"type":"Feature","properties":{"name":"Calvert Island","until":7},"geometry":{"type":"Point","coordinates":[-128.0017,51.6576]}},{"type":"Feature","properties":{"name":"Hunter Island","until":7},"geometry":{"type":"Point","coordinates":[-128.0251,51.2383]}},{"type":"Feature","properties":{"name":"King Island","until":7},"geometry":{"type":"Point","coordinates":[-127.7312,51.0591]}},{"type":"Feature","properties":{"name":"Roderick Island","until":7},"geometry":{"type":"Point","coordinates":[-128.354,54.0642]}},{"type":"Feature","properties":{"name":"Aristazabal Island","until":7},"geometry":{"type":"Point","coordinates":[-129.0392,54.0554]}},{"type":"Feature","properties":{"name":"Swindle Island","until":7},"geometry":{"type":"Point","coordinates":[-128.5833,54.1311]}},{"type":"Feature","properties":{"name":"Gil Island","until":7},"geometry":{"type":"Point","coordinates":[-129.2583,53.4966]}},{"type":"Feature","properties":{"name":"Hawkesbury Island","until":7},"geometry":{"type":"Point","coordinates":[-129.0234,53.0363]}},{"type":"Feature","properties":{"name":"Gilford Island","until":7},"geometry":{"type":"Point","coordinates":[-126.3441,52.492]}},{"type":"Feature","properties":{"name":"Quadra Island","until":7},"geometry":{"type":"Point","coordinates":[-125.2455,49.4721]}},{"type":"Feature","properties":{"name":"Texada Island","until":7},"geometry":{"type":"Point","coordinates":[-124.3742,50.0294]}},{"type":"Feature","properties":{"name":"Gilford Island","until":7},"geometry":{"type":"Point","coordinates":[-126.3441,48.9324]}},{"type":"Feature","properties":{"name":"Dylan Island","until":7},"geometry":{"type":"Point","coordinates":[-121.0934,75.9245]}},{"type":"Feature","properties":{"name":"Frida Island","until":7},"geometry":{"type":"Point","coordinates":[-122.4042,75.7918]}},{"type":"Feature","properties":{"name":"Whidbey Island","until":7},"geometry":{"type":"Point","coordinates":[-122.4289,47.9715]}},{"type":"Feature","properties":{"name":"Richardson Island","until":7},"geometry":{"type":"Point","coordinates":[-118.2713,66.103]}},{"type":"Feature","properties":{"name":"Meridian Island","until":7},"geometry":{"type":"Point","coordinates":[-117.9272,60.489]}},{"type":"Feature","properties":{"name":"Nunn Island","until":7},"geometry":{"type":"Point","coordinates":[-117.1204,-74.501]}},{"type":"Feature","properties":{"name":"Fitzwilliam Owen Island","until":7},"geometry":{"type":"Point","coordinates":[-113.7717,77.1813]}},{"type":"Feature","properties":{"name":"Isla Ángel de la Guarda","until":7},"geometry":{"type":"Point","coordinates":[-113.4895,27.1679]}},{"type":"Feature","properties":{"name":"Simpson Islands","until":7},"geometry":{"type":"Point","coordinates":[-112.614,62.8072]}},{"type":"Feature","properties":{"name":"Blanchet Island","until":7},"geometry":{"type":"Point","coordinates":[-112.5446,62.5392]}},{"type":"Feature","properties":{"name":"Preble Island","until":7},"geometry":{"type":"Point","coordinates":[-112.4856,62.8789]}},{"type":"Feature","properties":{"name":"Qikiqtaaluk","until":7},"geometry":{"type":"Point","coordinates":[-112.086,69.9522]}},{"type":"Feature","properties":{"name":"Edinburgh Island","until":7},"geometry":{"type":"Point","coordinates":[-110.8212,67.7521]}},{"type":"Feature","properties":{"name":"Isla Tiburón","until":7},"geometry":{"type":"Point","coordinates":[-112.3551,27.6075]}},{"type":"Feature","properties":{"name":"Simpson Islands (northern island)","until":7},"geometry":{"type":"Point","coordinates":[-112.4265,62.6691]}},{"type":"Feature","properties":{"name":"Kilian Island","until":7},"geometry":{"type":"Point","coordinates":[-107.8342,73.6672]}},{"type":"Feature","properties":{"name":"Lewes Island","until":7},"geometry":{"type":"Point","coordinates":[-108.9576,68.3341]}},{"type":"Feature","properties":{"name":"Ekalulia Island","until":7},"geometry":{"type":"Point","coordinates":[-108.0313,68.6353]}},{"type":"Feature","properties":{"name":"Qikiqtakapfaaluk","until":7},"geometry":{"type":"Point","coordinates":[-107.4559,67.0259]}},{"type":"Feature","properties":{"name":"Edmund Walker Island","until":7},"geometry":{"type":"Point","coordinates":[-104.2142,77.1947]}},{"type":"Feature","properties":{"name":"Ile Marc","until":7},"geometry":{"type":"Point","coordinates":[-103.6079,75.8292]}},{"type":"Feature","properties":{"name":"Avvaq","until":7},"geometry":{"type":"Point","coordinates":[-101.6057,69.1274]}},{"type":"Feature","properties":{"name":"Sherard Osborn Island","until":7},"geometry":{"type":"Point","coordinates":[-99.7167,76.3043]}},{"type":"Feature","properties":{"name":"Gateshead Island","until":7},"geometry":{"type":"Point","coordinates":[-100.4961,71.5245]}},{"type":"Feature","properties":{"name":"Hiuraaryuaq","until":7},"geometry":{"type":"Point","coordinates":[-100.1115,69.3021]}},{"type":"Feature","properties":{"name":"Admiralty Island","until":7},"geometry":{"type":"Point","coordinates":[-101.088,68.8303]}},{"type":"Feature","properties":{"name":"Crescent Island","until":7},"geometry":{"type":"Point","coordinates":[-97.2345,77.2964]}},{"type":"Feature","properties":{"name":"Lowther Island","until":7},"geometry":{"type":"Point","coordinates":[-97.4432,74.2335]}},{"type":"Feature","properties":{"name":"ᕿᖓᖑᐊᖅ","until":7},"geometry":{"type":"Point","coordinates":[-96.7744,72.8426]}},{"type":"Feature","properties":{"name":"Haig-Thomas Island","until":7},"geometry":{"type":"Point","coordinates":[-94.5408,78.4475]}},{"type":"Feature","properties":{"name":"Table Island","until":7},"geometry":{"type":"Point","coordinates":[-95.3387,77.1127]}},{"type":"Feature","properties":{"name":"Dundas Island","until":7},"geometry":{"type":"Point","coordinates":[-94.994,75.6027]}},{"type":"Feature","properties":{"name":"Gibson Island","until":7},"geometry":{"type":"Point","coordinates":[-95.316,72.1075]}},{"type":"Feature","properties":{"name":"Johnson Island","until":7},"geometry":{"type":"Point","coordinates":[-93.9091,-72.7588]}},{"type":"Feature","properties":{"name":"McNamara Island","until":7},"geometry":{"type":"Point","coordinates":[-93.2478,-73.0328]}},{"type":"Feature","properties":{"name":"Krueger Island","until":7},"geometry":{"type":"Point","coordinates":[-91.6685,81.8748]}},{"type":"Feature","properties":{"name":"ᐊᑉᐸᐃᑦ","until":7},"geometry":{"type":"Point","coordinates":[-90.0144,74.7639]}},{"type":"Feature","properties":{"name":"ᕿᑭᖅᑕᕐᔪᐊᖅ","until":7},"geometry":{"type":"Point","coordinates":[-90.5527,69.058]}},{"type":"Feature","properties":{"name":"Halliq Island","until":7},"geometry":{"type":"Point","coordinates":[-90.3337,68.9747]}},{"type":"Feature","properties":{"name":"Isla Santa Cruz","until":7},"geometry":{"type":"Point","coordinates":[-90.3715,-2.1713]}},{"type":"Feature","properties":{"name":"Isla Isabela","until":7},"geometry":{"type":"Point","coordinates":[-91.2257,-1.9483]}},{"type":"Feature","properties":{"name":"Isla Fernandina","until":7},"geometry":{"type":"Point","coordinates":[-91.4921,-2.419]}},{"type":"Feature","properties":{"name":"Peter 1s øy","until":7},"geometry":{"type":"Point","coordinates":[-90.5939,-69.473]}},{"type":"Feature","properties":{"name":"Ulvingen Island","until":7},"geometry":{"type":"Point","coordinates":[-88.269,78.3709]}},{"type":"Feature","properties":{"name":"Isle Royale","until":7},"geometry":{"type":"Point","coordinates":[-89.0833,48.0739]}},{"type":"Feature","properties":{"name":"St. Ignace Island","until":7},"geometry":{"type":"Point","coordinates":[-87.9634,47.1645]}},{"type":"Feature","properties":{"name":"Upper Door Peninsula","until":7},"geometry":{"type":"Point","coordinates":[-87.3001,43.2587]}},{"type":"Feature","properties":{"name":"ᕿᑭᖅᑖᓗᒃ","until":7},"geometry":{"type":"Point","coordinates":[-84.0289,76.5699]}},{"type":"Feature","properties":{"name":"Igloolik Island","until":7},"geometry":{"type":"Point","coordinates":[-81.5646,68.9537]}},{"type":"Feature","properties":{"name":"Winter Island","until":7},"geometry":{"type":"Point","coordinates":[-83.1095,65.6291]}},{"type":"Feature","properties":{"name":"Simialuk","until":7},"geometry":{"type":"Point","coordinates":[-82.7168,70.4875]}},{"type":"Feature","properties":{"name":"Saglaarjuk","until":7},"geometry":{"type":"Point","coordinates":[-83.7934,70.4836]}},{"type":"Feature","properties":{"name":"Isla de la Juventud","until":7},"geometry":{"type":"Point","coordinates":[-82.8465,19.5093]}},{"type":"Feature","properties":{"name":"Drummond Island","until":7},"geometry":{"type":"Point","coordinates":[-83.6142,46.1461]}},{"type":"Feature","properties":{"name":"St. Joseph Island","until":7},"geometry":{"type":"Point","coordinates":[-83.9555,45.9325]}},{"type":"Feature","properties":{"name":"Qimivvik","until":7},"geometry":{"type":"Point","coordinates":[-78.923,73.2291]}},{"type":"Feature","properties":{"name":"Aulattivik","until":7},"geometry":{"type":"Point","coordinates":[-79.528,73.2277]}},{"type":"Feature","properties":{"name":"Charlton Island / Île Charlton","until":7},"geometry":{"type":"Point","coordinates":[-79.4167,51.2396]}},{"type":"Feature","properties":{"name":"South Spicer Island","until":7},"geometry":{"type":"Point","coordinates":[-79.0164,67.9865]}},{"type":"Feature","properties":{"name":"North Spicer Island","until":7},"geometry":{"type":"Point","coordinates":[-78.7685,67.7778]}},{"type":"Feature","properties":{"name":"ᑐᕐᖃᔭᖅ","until":7},"geometry":{"type":"Point","coordinates":[-78.7356,56.7753]}},{"type":"Feature","properties":{"name":"Kugong Island","until":7},"geometry":{"type":"Point","coordinates":[-79.9523,56.8591]}},{"type":"Feature","properties":{"name":"Isla Puná","until":7},"geometry":{"type":"Point","coordinates":[-80.0505,-0.057]}},{"type":"Feature","properties":{"name":"Bromley Island","until":7},"geometry":{"type":"Point","coordinates":[-78.2865,82.7633]}},{"type":"Feature","properties":{"name":"Easter Island","until":7},"geometry":{"type":"Point","coordinates":[-77.8072,77.7176]}},{"type":"Feature","properties":{"name":"ᑐᔾᔮᕌᕐᔪᒃ","until":7},"geometry":{"type":"Point","coordinates":[-77.731,63.1159]}},{"type":"Feature","properties":{"name":"Cayo Romano","until":7},"geometry":{"type":"Point","coordinates":[-78.1904,24.1079]}},{"type":"Feature","properties":{"name":"Jamaica","until":7},"geometry":{"type":"Point","coordinates":[-77.4811,17.7768]}},{"type":"Feature","properties":{"name":"Grand Bahama","until":7},"geometry":{"type":"Point","coordinates":[-78.5007,24.9444]}},{"type":"Feature","properties":{"name":"Great Abaco","until":7},"geometry":{"type":"Point","coordinates":[-77.1213,25.1956]}},{"type":"Feature","properties":{"name":"Cuba","until":7},"geometry":{"type":"Point","coordinates":[-76.4985,20.6868]}},{"type":"Feature","properties":{"name":"Pim Island","until":7},"geometry":{"type":"Point","coordinates":[-74.5237,79.0723]}},{"type":"Feature","properties":{"name":"South Tweedsmuir Island","until":7},"geometry":{"type":"Point","coordinates":[-74.2896,67.8634]}},{"type":"Feature","properties":{"name":"North Tweedsmuir Island","until":7},"geometry":{"type":"Point","coordinates":[-74.7661,67.6487]}},{"type":"Feature","properties":{"name":"Charles Island","until":7},"geometry":{"type":"Point","coordinates":[-74.1055,61.8953]}},{"type":"Feature","properties":{"name":"Île de Montréal","until":7},"geometry":{"type":"Point","coordinates":[-73.6482,46.6424]}},{"type":"Feature","properties":{"name":"Great Inagua","until":7},"geometry":{"type":"Point","coordinates":[-73.4203,20.1997]}},{"type":"Feature","properties":{"name":"Isla Mompox","until":7},"geometry":{"type":"Point","coordinates":[-74.3953,10.5479]}},{"type":"Feature","properties":{"name":"Isla Grande de Chiloé","until":7},"geometry":{"type":"Point","coordinates":[-74.0128,-45.0391]}},{"type":"Feature","properties":{"name":"Isla Magdalena","until":7},"geometry":{"type":"Point","coordinates":[-73.0941,-43.4634]}},{"type":"Feature","properties":{"name":"Isla Benjamín","until":7},"geometry":{"type":"Point","coordinates":[-74.1083,-43.5087]}},{"type":"Feature","properties":{"name":"Isla James","until":7},"geometry":{"type":"Point","coordinates":[-74.1543,-43.2462]}},{"type":"Feature","properties":{"name":"Isla Cuptana","until":7},"geometry":{"type":"Point","coordinates":[-73.7025,-43.5436]}},{"type":"Feature","properties":{"name":"Isla Melchor","until":7},"geometry":{"type":"Point","coordinates":[-73.8638,-43.0518]}},{"type":"Feature","properties":{"name":"Isla Manuel Rodríguez","until":7},"geometry":{"type":"Point","coordinates":[-73.7753,-54.1516]}},{"type":"Feature","properties":{"name":"Isla Rice Trevor","until":7},"geometry":{"type":"Point","coordinates":[-73.4347,-53.1373]}},{"type":"Feature","properties":{"name":"Isla Victoria","until":7},"geometry":{"type":"Point","coordinates":[-73.9675,-46.8207]}},{"type":"Feature","properties":{"name":"Isla Melchor","until":7},"geometry":{"type":"Point","coordinates":[-73.8638,-47.0243]}},{"type":"Feature","properties":{"name":"Isla Traiguén","until":7},"geometry":{"type":"Point","coordinates":[-73.653,-46.5957]}},{"type":"Feature","properties":{"name":"Isla Rivero","until":7},"geometry":{"type":"Point","coordinates":[-74.3479,-46.5173]}},{"type":"Feature","properties":{"name":"Isla Contreras","until":7},"geometry":{"type":"Point","coordinates":[-74.9693,-51.2241]}},{"type":"Feature","properties":{"name":"Isla Farrel","until":7},"geometry":{"type":"Point","coordinates":[-74.8059,-52.389]}},{"type":"Feature","properties":{"name":"Isla Hanover","until":7},"geometry":{"type":"Point","coordinates":[-74.51,-52.2736]}},{"type":"Feature","properties":{"name":"Isla Diego de Almagro","until":7},"geometry":{"type":"Point","coordinates":[-75.2701,-51.6611]}},{"type":"Feature","properties":{"name":"Isla Jorge Montt","until":7},"geometry":{"type":"Point","coordinates":[-74.718,-51.9726]}},{"type":"Feature","properties":{"name":"Isla Manuel Rodríguez","until":7},"geometry":{"type":"Point","coordinates":[-73.7753,-50.7247]}},{"type":"Feature","properties":{"name":"Isla Pedro Montt","until":7},"geometry":{"type":"Point","coordinates":[-73.8563,-50.9467]}},{"type":"Feature","properties":{"name":"Isla Vidal Gormaz","until":7},"geometry":{"type":"Point","coordinates":[-74.7146,-51.2881]}},{"type":"Feature","properties":{"name":"Isla Piazzi","until":7},"geometry":{"type":"Point","coordinates":[-74.0623,-51.4989]}},{"type":"Feature","properties":{"name":"Isla Cochrane","until":7},"geometry":{"type":"Point","coordinates":[-74.0602,-50.942]}},{"type":"Feature","properties":{"name":"Isla Rennell Norte","until":7},"geometry":{"type":"Point","coordinates":[-74.236,-51.3628]}},{"type":"Feature","properties":{"name":"Isla Rennell Sur","until":7},"geometry":{"type":"Point","coordinates":[-73.8858,-51.1785]}},{"type":"Feature","properties":{"name":"Isla Merino Jarpa","until":7},"geometry":{"type":"Point","coordinates":[-73.995,-48.0937]}},{"type":"Feature","properties":{"name":"Isla Little Wellington","until":7},"geometry":{"type":"Point","coordinates":[-74.8361,-47.481]}},{"type":"Feature","properties":{"name":"Isla Prat","until":7},"geometry":{"type":"Point","coordinates":[-74.9171,-47.6608]}},{"type":"Feature","properties":{"name":"Isla Esmeralda","until":7},"geometry":{"type":"Point","coordinates":[-75.5571,-47.0706]}},{"type":"Feature","properties":{"name":"Isla Patricio Lynch","until":7},"geometry":{"type":"Point","coordinates":[-75.4912,-47.4476]}},{"type":"Feature","properties":{"name":"Isla Jungfrauen","until":7},"geometry":{"type":"Point","coordinates":[-74.856,-47.9375]}},{"type":"Feature","properties":{"name":"Isla Duque de York","until":7},"geometry":{"type":"Point","coordinates":[-75.3868,-49.1381]}},{"type":"Feature","properties":{"name":"Isla Mornington","until":7},"geometry":{"type":"Point","coordinates":[-75.4369,-50.0144]}},{"type":"Feature","properties":{"name":"Isla Angamos","until":7},"geometry":{"type":"Point","coordinates":[-74.97,-50.5414]}},{"type":"Feature","properties":{"name":"Isla Stosch","until":7},"geometry":{"type":"Point","coordinates":[-75.5083,-50.4903]}},{"type":"Feature","properties":{"name":"Isla Chatham","until":7},"geometry":{"type":"Point","coordinates":[-74.4077,-49.0302]}},{"type":"Feature","properties":{"name":"Dexterity Island","until":7},"geometry":{"type":"Point","coordinates":[-72.8462,72.3258]}},{"type":"Feature","properties":{"name":"Long Island","until":7},"geometry":{"type":"Point","coordinates":[-72.9492,38.9541]}},{"type":"Feature","properties":{"name":"Cape Cod","until":7},"geometry":{"type":"Point","coordinates":[-70.4752,42.389]}},{"type":"Feature","properties":{"name":"La Española","until":7},"geometry":{"type":"Point","coordinates":[-71.5945,16.9872]}},{"type":"Feature","properties":{"name":"Île de la Gonâve","until":7},"geometry":{"type":"Point","coordinates":[-73.0,17.1369]}},{"type":"Feature","properties":{"name":"Isla Stewart","until":7},"geometry":{"type":"Point","coordinates":[-71.3603,-55.0964]}},{"type":"Feature","properties":{"name":"Isla Londonderry","until":7},"geometry":{"type":"Point","coordinates":[-70.9099,-54.9331]}},{"type":"Feature","properties":{"name":"Isla Guardián Brito","until":7},"geometry":{"type":"Point","coordinates":[-72.4521,-55.7283]}},{"type":"Feature","properties":{"name":"Dorsey Island","until":7},"geometry":{"type":"Point","coordinates":[-71.5835,-69.9183]}},{"type":"Feature","properties":{"name":"Appat","until":7},"geometry":{"type":"Point","coordinates":[-69.7124,76.4713]}},{"type":"Feature","properties":{"name":"Wolstenholm Ø","until":7},"geometry":{"type":"Point","coordinates":[-70.0179,76.6019]}},{"type":"Feature","properties":{"name":"ᐊᐅᓚᑦᑎᕕᒃ","until":7},"geometry":{"type":"Point","coordinates":[-68.037,68.7152]}},{"type":"Feature","properties":{"name":"ᕿᑭᖅᑖᓗᒐᔮᒃ","until":7},"geometry":{"type":"Point","coordinates":[-68.118,69.5537]}},{"type":"Feature","properties":{"name":"ᐅᓪᓕᓴᐅᑎᑕᓕᒃ","until":7},"geometry":{"type":"Point","coordinates":[-67.4945,68.7541]}},{"type":"Feature","properties":{"name":"Île Qikirtajuaq","until":7},"geometry":{"type":"Point","coordinates":[-69.2331,60.0285]}},{"type":"Feature","properties":{"name":"Isla Gordon","until":7},"geometry":{"type":"Point","coordinates":[-69.5977,-55.0095]}},{"type":"Feature","properties":{"name":"Isla Wollaston","until":7},"geometry":{"type":"Point","coordinates":[-67.465,-54.2323]}},{"type":"Feature","properties":{"name":"Franklin Ø","until":7},"geometry":{"type":"Point","coordinates":[-66.8237,80.1909]}},{"type":"Feature","properties":{"name":"Bellot Island","until":7},"geometry":{"type":"Point","coordinates":[-65.004,81.7438]}},{"type":"Feature","properties":{"name":"Miller Island","until":7},"geometry":{"type":"Point","coordinates":[-66.5785,81.8716]}},{"type":"Feature","properties":{"name":"Puerto Rico","until":7},"geometry":{"type":"Point","coordinates":[-66.4034,17.7356]}},{"type":"Feature","properties":{"name":"Edgell Island","until":7},"geometry":{"type":"Point","coordinates":[-65.1002,62.6628]}},{"type":"Feature","properties":{"name":"ᕿᑭᖅᑕᓗᔾᔪᐊᖅ","until":7},"geometry":{"type":"Point","coordinates":[-66.3972,68.0784]}},{"type":"Feature","properties":{"name":"Moodie Island","until":7},"geometry":{"type":"Point","coordinates":[-65.4964,64.9538]}},{"type":"Feature","properties":{"name":"Lavoisier Island","until":7},"geometry":{"type":"Point","coordinates":[-66.6795,-65.7193]}},{"type":"Feature","properties":{"name":"Liard Island","until":7},"geometry":{"type":"Point","coordinates":[-67.384,-67.2983]}},{"type":"Feature","properties":{"name":"Blaiklock Island","until":7},"geometry":{"type":"Point","coordinates":[-67.0029,-66.5696]}},{"type":"Feature","properties":{"name":"Francis Island","until":7},"geometry":{"type":"Point","coordinates":[-64.7582,-68.6371]}},{"type":"Feature","properties":{"name":"ᐹᓪᓚᕝᕕᒃ","until":7},"geometry":{"type":"Point","coordinates":[-62.7045,67.0682]}},{"type":"Feature","properties":{"name":"ᕿᑭᖅᑕᕐᔪᐊᖅ","until":7},"geometry":{"type":"Point","coordinates":[-63.9116,66.5898]}},{"type":"Feature","properties":{"name":"ᕿᑭᖅᑕᓗᔾᔪᐊᖅ","until":7},"geometry":{"type":"Point","coordinates":[-63.4646,66.8325]}},{"type":"Feature","properties":{"name":"ᑭᓪᓕᓂᖅ","until":7},"geometry":{"type":"Point","coordinates":[-64.6154,61.4565]}},{"type":"Feature","properties":{"name":"ᑕᖁᓕᔾᔪᐊᖅ","until":7},"geometry":{"type":"Point","coordinates":[-64.6216,62.1164]}},{"type":"Feature","properties":{"name":"ᕿᑭᖅᑕᕐᔪᐊᖅ","until":7},"geometry":{"type":"Point","coordinates":[-64.3888,63.487]}},{"type":"Feature","properties":{"name":"Angijak Island","until":7},"geometry":{"type":"Point","coordinates":[-62.3213,66.2112]}},{"type":"Feature","properties":{"name":"Isla de Margarita","until":7},"geometry":{"type":"Point","coordinates":[-63.9075,8.5661]}},{"type":"Feature","properties":{"name":"Isla de los Estados","until":7},"geometry":{"type":"Point","coordinates":[-64.5927,-55.0964]}},{"type":"Feature","properties":{"name":"Wiencke Island","until":7},"geometry":{"type":"Point","coordinates":[-63.3884,-64.7059]}},{"type":"Feature","properties":{"name":"Low Island","until":7},"geometry":{"type":"Point","coordinates":[-62.1421,-63.7849]}},{"type":"Feature","properties":{"name":"Smith Island","until":7},"geometry":{"type":"Point","coordinates":[-62.4641,-64.1478]}},{"type":"Feature","properties":{"name":"Saint Lucia","until":7},"geometry":{"type":"Point","coordinates":[-60.9762,11.1925]}},{"type":"Feature","properties":{"name":"Grande-Terre","until":7},"geometry":{"type":"Point","coordinates":[-61.4328,14.2764]}},{"type":"Feature","properties":{"name":"Basse-Terre","until":7},"geometry":{"type":"Point","coordinates":[-61.6621,14.4759]}},{"type":"Feature","properties":{"name":"Martinique","until":7},"geometry":{"type":"Point","coordinates":[-61.0661,15.8544]}},{"type":"Feature","properties":{"name":"Dominica","until":7},"geometry":{"type":"Point","coordinates":[-61.3463,15.1039]}},{"type":"Feature","properties":{"name":"Saint Lucia","until":7},"geometry":{"type":"Point","coordinates":[-60.9762,16.65]}},{"type":"Feature","properties":{"name":"South Aulatsivik Island","until":7},"geometry":{"type":"Point","coordinates":[-61.4671,56.3922]}},{"type":"Feature","properties":{"name":"Trinidad","until":7},"geometry":{"type":"Point","coordinates":[-61.2611,9.1475]}},{"type":"Feature","properties":{"name":"Isla Corocoro","until":7},"geometry":{"type":"Point","coordinates":[-60.0087,11.0989]}},{"type":"Feature","properties":{"name":"Isla Redonda","until":7},"geometry":{"type":"Point","coordinates":[-61.4218,10.0405]}},{"type":"Feature","properties":{"name":"Greenwich Island","until":7},"geometry":{"type":"Point","coordinates":[-59.8672,-62.055]}},{"type":"Feature","properties":{"name":"Nelsonův ostrov","until":7},"geometry":{"type":"Point","coordinates":[-59.0755,-62.2481]}},{"type":"Feature","properties":{"name":"Robert Island","until":7},"geometry":{"type":"Point","coordinates":[-59.5102,-62.1296]}},{"type":"Feature","properties":{"name":"Weddell Island","until":7},"geometry":{"type":"Point","coordinates":[-60.9769,-51.3229]}},{"type":"Feature","properties":{"name":"Isla Decepción","until":7},"geometry":{"type":"Point","coordinates":[-60.6232,-64.128]}},{"type":"Feature","properties":{"name":"Trinity Island","until":7},"geometry":{"type":"Point","coordinates":[-60.7901,-63.2271]}},{"type":"Feature","properties":{"name":"Robertson Island","until":7},"geometry":{"type":"Point","coordinates":[-59.7031,-64.3922]}},{"type":"Feature","properties":{"name":"Islas de las Lechiguanas","until":7},"geometry":{"type":"Point","coordinates":[-59.7677,-32.8559]}},{"type":"Feature","properties":{"name":"Steele Island","until":7},"geometry":{"type":"Point","coordinates":[-60.7015,-71.1687]}},{"type":"Feature","properties":{"name":"Ewing Island","until":7},"geometry":{"type":"Point","coordinates":[-61.2714,-70.3562]}},{"type":"Feature","properties":{"name":"Tuttoqqortooq","until":7},"geometry":{"type":"Point","coordinates":[-56.7677,73.6005]}},{"type":"Feature","properties":{"name":"Qallunaat","until":7},"geometry":{"type":"Point","coordinates":[-56.4175,73.68]}},{"type":"Feature","properties":{"name":"Qulleqqorsuit","until":7},"geometry":{"type":"Point","coordinates":[-56.4807,73.3837]}},{"type":"Feature","properties":{"name":"Kiatassuaq","until":7},"geometry":{"type":"Point","coordinates":[-56.7176,74.28]}},{"type":"Feature","properties":{"name":"D’Urville Island","until":7},"geometry":{"type":"Point","coordinates":[-56.3262,-64.0079]}},{"type":"Feature","properties":{"name":"Isla Vega","until":7},"geometry":{"type":"Point","coordinates":[-57.4379,-63.2605]}},{"type":"Feature","properties":{"name":"Snow Hill Island","until":7},"geometry":{"type":"Point","coordinates":[-57.3102,-65.0385]}},{"type":"Feature","properties":{"name":"Anarusuk","until":7},"geometry":{"type":"Point","coordinates":[-55.7213,73.761]}},{"type":"Feature","properties":{"name":"Tasiusaq","until":7},"geometry":{"type":"Point","coordinates":[-55.9843,73.9185]}},{"type":"Feature","properties":{"name":"Maniitsoq","until":7},"geometry":{"type":"Point","coordinates":[-55.2029,72.6651]}},{"type":"Feature","properties":{"name":"Sanningasoq","until":7},"geometry":{"type":"Point","coordinates":[-54.9104,72.9023]}},{"type":"Feature","properties":{"name":"Akuliaruseq","until":7},"geometry":{"type":"Point","coordinates":[-55.1747,73.0692]}},{"type":"Feature","properties":{"name":"Naku","until":7},"geometry":{"type":"Point","coordinates":[-55.0683,72.9704]}},{"type":"Feature","properties":{"name":"Qaarsorsuatsiaq","until":7},"geometry":{"type":"Point","coordinates":[-55.9987,72.9303]}},{"type":"Feature","properties":{"name":"Uilortusoq","until":7},"geometry":{"type":"Point","coordinates":[-54.6838,72.8434]}},{"type":"Feature","properties":{"name":"Puugutaa","until":7},"geometry":{"type":"Point","coordinates":[-55.4816,72.6414]}},{"type":"Feature","properties":{"name":"Qeqertarsuatsiaq","until":7},"geometry":{"type":"Point","coordinates":[-54.8788,69.8555]}},{"type":"Feature","properties":{"name":"Fogo Island","until":7},"geometry":{"type":"Point","coordinates":[-54.129,49.9976]}},{"type":"Feature","properties":{"name":"Elephant Island","until":7},"geometry":{"type":"Point","coordinates":[-55.1946,-60.7038]}},{"type":"Feature","properties":{"name":"Dundee Island","until":7},"geometry":{"type":"Point","coordinates":[-55.9698,-63.6283]}},{"type":"Feature","properties":{"name":"Beaumont Ø","until":7},"geometry":{"type":"Point","coordinates":[-50.7088,82.9731]}},{"type":"Feature","properties":{"name":"Salliaruseq","until":7},"geometry":{"type":"Point","coordinates":[-51.7896,71.444]}},{"type":"Feature","properties":{"name":"Appat","until":7},"geometry":{"type":"Point","coordinates":[-52.01,71.2287]}},{"type":"Feature","properties":{"name":"Saqqarliip Nunaa","until":7},"geometry":{"type":"Point","coordinates":[-52.597,69.6473]}},{"type":"Feature","properties":{"name":"Sarfannguit Nunaat","until":7},"geometry":{"type":"Point","coordinates":[-53.3173,67.2731]}},{"type":"Feature","properties":{"name":"Qeqertarsuaq","until":7},"geometry":{"type":"Point","coordinates":[-50.9457,65.053]}},{"type":"Feature","properties":{"name":"Qoornup Qeqertarsua","until":7},"geometry":{"type":"Point","coordinates":[-51.3261,65.1418]}},{"type":"Feature","properties":{"name":"Sermersuut","until":7},"geometry":{"type":"Point","coordinates":[-53.0214,66.2978]}},{"type":"Feature","properties":{"name":"Qorsunnittoq","until":7},"geometry":{"type":"Point","coordinates":[-51.5719,68.0528]}},{"type":"Feature","properties":{"name":"Tunertooq","until":7},"geometry":{"type":"Point","coordinates":[-51.5245,68.1749]}},{"type":"Feature","properties":{"name":"Saqqarliip Nunaa","until":7},"geometry":{"type":"Point","coordinates":[-52.597,67.5985]}},{"type":"Feature","properties":{"name":"Ikamiut","until":7},"geometry":{"type":"Point","coordinates":[-52.1933,67.6536]}},{"type":"Feature","properties":{"name":"Ilha Grande de Gurupá","until":7},"geometry":{"type":"Point","coordinates":[-51.427,-1.9394]}},{"type":"Feature","properties":{"name":"Ilha Queimada","until":7},"geometry":{"type":"Point","coordinates":[-50.8537,-2.6817]}},{"type":"Feature","properties":{"name":"Ilha Laguna","until":7},"geometry":{"type":"Point","coordinates":[-50.8681,-1.1597]}},{"type":"Feature","properties":{"name":"Nunatarsuaq","until":7},"geometry":{"type":"Point","coordinates":[-50.2865,69.0605]}},{"type":"Feature","properties":{"name":"Nunakuluut","until":7},"geometry":{"type":"Point","coordinates":[-47.9025,61.1233]}},{"type":"Feature","properties":{"name":"Ilha do Bananal","until":7},"geometry":{"type":"Point","coordinates":[-50.3476,-13.7481]}},{"type":"Feature","properties":{"name":"Ilha Mexiana","until":7},"geometry":{"type":"Point","coordinates":[-49.5696,2.8381]}},{"type":"Feature","properties":{"name":"Ilha Caviana","until":7},"geometry":{"type":"Point","coordinates":[-49.9796,2.6831]}},{"type":"Feature","properties":{"name":"Ilha Mexiana","until":7},"geometry":{"type":"Point","coordinates":[-49.5696,-2.7846]}},{"type":"Feature","properties":{"name":"Ilha de Marajó","until":7},"geometry":{"type":"Point","coordinates":[-49.4405,-2.008]}},{"type":"Feature","properties":{"name":"Ilha Japichaua","until":7},"geometry":{"type":"Point","coordinates":[-50.5728,-1.9387]}},{"type":"Feature","properties":{"name":"Ilha Charapucu","until":7},"geometry":{"type":"Point","coordinates":[-50.5186,-2.4238]}},{"type":"Feature","properties":{"name":"Hemmen Ice Rise","until":7},"geometry":{"type":"Point","coordinates":[-49.2908,-77.6976]}},{"type":"Feature","properties":{"name":"Tuttutooq","until":7},"geometry":{"type":"Point","coordinates":[-46.341,60.9831]}},{"type":"Feature","properties":{"name":"Sermersooq","until":7},"geometry":{"type":"Point","coordinates":[-45.2671,61.5518]}},{"type":"Feature","properties":{"name":"Qaarsuarsuk","until":7},"geometry":{"type":"Point","coordinates":[-46.8018,61.0071]}},{"type":"Feature","properties":{"name":"Coronation Island","until":7},"geometry":{"type":"Point","coordinates":[-45.7024,-61.2887]}},{"type":"Feature","properties":{"name":"Hanne Ø","until":7},"geometry":{"type":"Point","coordinates":[-42.1724,83.1885]}},{"type":"Feature","properties":{"name":"Luigi Amadeo Ø","until":7},"geometry":{"type":"Point","coordinates":[-42.2946,83.1084]}},{"type":"Feature","properties":{"name":"Itilleq","until":7},"geometry":{"type":"Point","coordinates":[-43.9968,59.1826]}},{"type":"Feature","properties":{"name":"Anoraliuirsoq","until":7},"geometry":{"type":"Point","coordinates":[-44.3175,58.9918]}},{"type":"Feature","properties":{"name":"Ikeq","until":7},"geometry":{"type":"Point","coordinates":[-44.2516,59.1527]}},{"type":"Feature","properties":{"name":"Timmiarmiit","until":7},"geometry":{"type":"Point","coordinates":[-42.2651,61.7773]}},{"type":"Feature","properties":{"name":"Upaon-Açu","until":7},"geometry":{"type":"Point","coordinates":[-44.2241,-0.239]}},{"type":"Feature","properties":{"name":";Primus","until":7},"geometry":{"type":"Point","coordinates":[-40.8211,82.3625]}},{"type":"Feature","properties":{"name":"Meqqujooq Ø","until":7},"geometry":{"type":"Point","coordinates":[-40.8224,82.4418]}},{"type":"Feature","properties":{"name":"Saqqisikuik","until":7},"geometry":{"type":"Point","coordinates":[-41.7693,63.6527]}},{"type":"Feature","properties":{"name":"Upernattivik","until":7},"geometry":{"type":"Point","coordinates":[-40.8616,65.292]}},{"type":"Feature","properties":{"name":"Apusiaajik","until":7},"geometry":{"type":"Point","coordinates":[-37.002,66.2422]}},{"type":"Feature","properties":{"name":"Qiianarteq","until":7},"geometry":{"type":"Point","coordinates":[-36.5872,65.9825]}},{"type":"Feature","properties":{"name":"Kuttuulap Immikkeertiva","until":7},"geometry":{"type":"Point","coordinates":[-29.9398,68.0548]}},{"type":"Feature","properties":{"name":"Ilha do Pico","until":7},"geometry":{"type":"Point","coordinates":[-28.4457,36.9318]}},{"type":"Feature","properties":{"name":"Kaasarip Nasaa","until":7},"geometry":{"type":"Point","coordinates":[-27.5489,71.3237]}},{"type":"Feature","properties":{"name":"Ilha de São Miguel","until":7},"geometry":{"type":"Point","coordinates":[-25.3482,37.655]}},{"type":"Feature","properties":{"name":"Ilha Terceira","until":7},"geometry":{"type":"Point","coordinates":[-27.2633,36.6937]}},{"type":"Feature","properties":{"name":"Ujuaakajiip Nunaa","until":7},"geometry":{"type":"Point","coordinates":[-26.2553,69.7939]}},{"type":"Feature","properties":{"name":"Ella Ø","until":7},"geometry":{"type":"Point","coordinates":[-25.0681,72.7907]}},{"type":"Feature","properties":{"name":"Immikkeertigajik","until":7},"geometry":{"type":"Point","coordinates":[-23.348,70.5729]}},{"type":"Feature","properties":{"name":"Santo Antão","until":7},"geometry":{"type":"Point","coordinates":[-25.2239,18.9323]}},{"type":"Feature","properties":{"name":"Santiago","until":7},"geometry":{"type":"Point","coordinates":[-23.5904,15.5443]}},{"type":"Feature","properties":{"name":"Boa Vista","until":7},"geometry":{"type":"Point","coordinates":[-22.8008,14.4659]}},{"type":"Feature","properties":{"name":"C. Silfverberg Ø","until":7},"geometry":{"type":"Point","coordinates":[-20.1331,77.9312]}},{"type":"Feature","properties":{"name":"Weinschenk Ø","until":7},"geometry":{"type":"Point","coordinates":[-21.2187,77.641]}},{"type":"Feature","properties":{"name":"Nanok Ø","until":7},"geometry":{"type":"Point","coordinates":[-20.5616,76.6948]}},{"type":"Feature","properties":{"name":"Tvillingerne","until":7},"geometry":{"type":"Point","coordinates":[-20.8301,76.698]}},{"type":"Feature","properties":{"name":"Olgas Ø","until":7},"geometry":{"type":"Point","coordinates":[-20.9763,76.6044]}},{"type":"Feature","properties":{"name":"Djævleøen","until":7},"geometry":{"type":"Point","coordinates":[-20.3398,76.638]}},{"type":"Feature","properties":{"name":"Edvard Ø","until":7},"geometry":{"type":"Point","coordinates":[-21.3911,76.4338]}},{"type":"Feature","properties":{"name":"Storøen","until":7},"geometry":{"type":"Point","coordinates":[-19.0338,77.4702]}},{"type":"Feature","properties":{"name":"Bourbon Ø","until":7},"geometry":{"type":"Point","coordinates":[-18.2455,79.0354]}},{"type":"Feature","properties":{"name":"Ambolten","until":7},"geometry":{"type":"Point","coordinates":[-19.235,78.403]}},{"type":"Feature","properties":{"name":"Stigbøjlen","until":7},"geometry":{"type":"Point","coordinates":[-19.0887,78.4716]}},{"type":"Feature","properties":{"name":"Hammeren","until":7},"geometry":{"type":"Point","coordinates":[-19.5543,78.4152]}},{"type":"Feature","properties":{"name":"Sabine Ø","until":7},"geometry":{"type":"Point","coordinates":[-18.959,74.2094]}},{"type":"Feature","properties":{"name":"Lille Pendulum","until":7},"geometry":{"type":"Point","coordinates":[-18.4756,74.1247]}},{"type":"Feature","properties":{"name":"Ilha da Madeira","until":7},"geometry":{"type":"Point","coordinates":[-16.954,33.5368]}},{"type":"Feature","properties":{"name":"La Palma","until":7},"geometry":{"type":"Point","coordinates":[-17.8514,27.8634]}},{"type":"Feature","properties":{"name":"Tenerife","until":7},"geometry":{"type":"Point","coordinates":[-16.6237,28.395]}},{"type":"Feature","properties":{"name":"Fuerteventura","until":7},"geometry":{"type":"Point","coordinates":[-14.0316,28.2711]}},{"type":"Feature","properties":{"name":"Gran Canaria","until":7},"geometry":{"type":"Point","coordinates":[-15.6281,28.6773]}},{"type":"Feature","properties":{"name":"Ile à Morfil","until":7},"geometry":{"type":"Point","coordinates":[-14.4168,13.9867]}},{"type":"Feature","properties":{"name":"Ilha de Bissau","until":7},"geometry":{"type":"Point","coordinates":[-15.7942,13.2399]}},{"type":"Feature","properties":{"name":"Lanzarote","until":7},"geometry":{"type":"Point","coordinates":[-13.6361,27.5765]}},{"type":"Feature","properties":{"name":"Eysturoy","until":7},"geometry":{"type":"Point","coordinates":[-6.9104,62.3276]}},{"type":"Feature","properties":{"name":"Streymoy","until":7},"geometry":{"type":"Point","coordinates":[-7.1205,62.3305]}},{"type":"Feature","properties":{"name":"Vágar","until":7},"geometry":{"type":"Point","coordinates":[-7.2249,62.4508]}},{"type":"Feature","properties":{"name":"Uibhist a Tuath","until":7},"geometry":{"type":"Point","coordinates":[-7.3059,58.5457]}},{"type":"Feature","properties":{"name":"Na Hearadh","until":7},"geometry":{"type":"Point","coordinates":[-6.9372,58.1645]}},{"type":"Feature","properties":{"name":"Suðuroy","until":7},"geometry":{"type":"Point","coordinates":[-6.8198,60.3538]}},{"type":"Feature","properties":{"name":"Islay","until":7},"geometry":{"type":"Point","coordinates":[-6.1729,54.2159]}},{"type":"Feature","properties":{"name":"Uibhist a Deas","until":7},"geometry":{"type":"Point","coordinates":[-7.3073,55.8244]}},{"type":"Feature","properties":{"name":"Jura","until":7},"geometry":{"type":"Point","coordinates":[-5.9917,57.2148]}},{"type":"Feature","properties":{"name":"Unneruskollen Island","until":7},"geometry":{"type":"Point","coordinates":[-6.0816,-69.7524]}},{"type":"Feature","properties":{"name":"Mainland","until":7},"geometry":{"type":"Point","coordinates":[-3.1812,59.9952]}},{"type":"Feature","properties":{"name":"Arran","until":7},"geometry":{"type":"Point","coordinates":[-5.27,54.3129]}},{"type":"Feature","properties":{"name":"Isle of Man","until":7},"geometry":{"type":"Point","coordinates":[-4.4735,55.6617]}},{"type":"Feature","properties":{"name":"Ynys Môn / Anglesey","until":7},"geometry":{"type":"Point","coordinates":[-4.3657,53.3731]}},{"type":"Feature","properties":{"name":"Yell","until":7},"geometry":{"type":"Point","coordinates":[-1.1082,61.2877]}},{"type":"Feature","properties":{"name":"Isle of Wight","until":7},"geometry":{"type":"Point","coordinates":[-1.2799,49.0009]}},{"type":"Feature","properties":{"name":"Eivissa","until":7},"geometry":{"type":"Point","coordinates":[1.4049,40.8226]}},{"type":"Feature","properties":{"name":"Bremangerlandet","until":7},"geometry":{"type":"Point","coordinates":[5.053,62.6811]}},{"type":"Feature","properties":{"name":"Stord","until":7},"geometry":{"type":"Point","coordinates":[5.4231,59.1935]}},{"type":"Feature","properties":{"name":"Karmøy","until":7},"geometry":{"type":"Point","coordinates":[5.257,59.8196]}},{"type":"Feature","properties":{"name":"Tysnesøya","until":7},"geometry":{"type":"Point","coordinates":[5.579,59.0596]}},{"type":"Feature","properties":{"name":"Bømlo","until":7},"geometry":{"type":"Point","coordinates":[5.2089,59.274]}},{"type":"Feature","properties":{"name":"Menorca","until":7},"geometry":{"type":"Point","coordinates":[4.1096,39.857]}},{"type":"Feature","properties":{"name":"Mallorca","until":7},"geometry":{"type":"Point","coordinates":[3.0178,40.2308]}},{"type":"Feature","properties":{"name":"Goeree-Overflakkee","until":7},"geometry":{"type":"Point","coordinates":[4.1151,51.4831]}},{"type":"Feature","properties":{"name":"Hoeksche Waard","until":7},"geometry":{"type":"Point","coordinates":[4.4913,51.46]}},{"type":"Feature","properties":{"name":"Osterøy","until":7},"geometry":{"type":"Point","coordinates":[5.5907,61.3138]}},{"type":"Feature","properties":{"name":"Sotra","until":7},"geometry":{"type":"Point","coordinates":[5.0407,61.5073]}},{"type":"Feature","properties":{"name":"Smøla","until":7},"geometry":{"type":"Point","coordinates":[8.0351,63.6944]}},{"type":"Feature","properties":{"name":"Averøya","until":7},"geometry":{"type":"Point","coordinates":[7.5023,64.0998]}},{"type":"Feature","properties":{"name":"São Tomé","until":7},"geometry":{"type":"Point","coordinates":[6.5856,2.5706]}},{"type":"Feature","properties":{"name":"Hareidlandet","until":7},"geometry":{"type":"Point","coordinates":[5.9367,62.1655]}},{"type":"Feature","properties":{"name":"Gurskøya","until":7},"geometry":{"type":"Point","coordinates":[5.6703,62.2756]}},{"type":"Feature","properties":{"name":"Danskøya","until":7},"geometry":{"type":"Point","coordinates":[10.8696,79.1886]}},{"type":"Feature","properties":{"name":"Mors","until":7},"geometry":{"type":"Point","coordinates":[8.7582,56.3101]}},{"type":"Feature","properties":{"name":"Langeland","until":7},"geometry":{"type":"Point","coordinates":[10.7158,55.1286]}},{"type":"Feature","properties":{"name":"Als","until":7},"geometry":{"type":"Point","coordinates":[9.9502,55.0068]}},{"type":"Feature","properties":{"name":"جربة","until":7},"geometry":{"type":"Point","coordinates":[10.9156,32.4785]}},{"type":"Feature","properties":{"name":"Sardigna/Sardegna","until":7},"geometry":{"type":"Point","coordinates":[9.0775,39.3699]}},{"type":"Feature","properties":{"name":"Corse","until":7},"geometry":{"type":"Point","coordinates":[9.1193,41.8205]}},{"type":"Feature","properties":{"name":"Bioko","until":7},"geometry":{"type":"Point","coordinates":[8.7307,4.8762]}},{"type":"Feature","properties":{"name":"Frøya","until":7},"geometry":{"type":"Point","coordinates":[8.7479,63.3666]}},{"type":"Feature","properties":{"name":"Ertvågsøya","until":7},"geometry":{"type":"Point","coordinates":[8.4842,63.896]}},{"type":"Feature","properties":{"name":"Møn","until":7},"geometry":{"type":"Point","coordinates":[12.1983,55.0261]}},{"type":"Feature","properties":{"name":"Falster","until":7},"geometry":{"type":"Point","coordinates":[11.9572,55.1267]}},{"type":"Feature","properties":{"name":"Flakstadøya","until":7},"geometry":{"type":"Point","coordinates":[13.299,68.22]}},{"type":"Feature","properties":{"name":"Moskenesøy","until":7},"geometry":{"type":"Point","coordinates":[12.9577,68.364]}},{"type":"Feature","properties":{"name":"Vega","until":7},"geometry":{"type":"Point","coordinates":[11.8927,66.2387]}},{"type":"Feature","properties":{"name":"Dønna","until":7},"geometry":{"type":"Point","coordinates":[12.532,65.8047]}},{"type":"Feature","properties":{"name":"Alsta","until":7},"geometry":{"type":"Point","coordinates":[12.5354,65.9532]}},{"type":"Feature","properties":{"name":"Orust","until":7},"geometry":{"type":"Point","coordinates":[11.6977,57.9753]}},{"type":"Feature","properties":{"name":"Hisingen","until":7},"geometry":{"type":"Point","coordinates":[11.9016,58.4014]}},{"type":"Feature","properties":{"name":"Otterøya","until":7},"geometry":{"type":"Point","coordinates":[11.3612,65.0345]}},{"type":"Feature","properties":{"name":"Grytøya","until":7},"geometry":{"type":"Point","coordinates":[16.4761,69.3975]}},{"type":"Feature","properties":{"name":"Sandhornøy","until":7},"geometry":{"type":"Point","coordinates":[14.1394,67.0393]}},{"type":"Feature","properties":{"name":"Hadseløya","until":7},"geometry":{"type":"Point","coordinates":[14.7938,67.735]}},{"type":"Feature","properties":{"name":"Tjeldøya","until":7},"geometry":{"type":"Point","coordinates":[16.3092,67.7846]}},{"type":"Feature","properties":{"name":"Bornholm","until":7},"geometry":{"type":"Point","coordinates":[14.8652,54.8209]}},{"type":"Feature","properties":{"name":"Usedom - Uznam","until":7},"geometry":{"type":"Point","coordinates":[14.1415,52.7429]}},{"type":"Feature","properties":{"name":"Wolin","until":7},"geometry":{"type":"Point","coordinates":[14.5596,52.7305]}},{"type":"Feature","properties":{"name":"Cres","until":7},"geometry":{"type":"Point","coordinates":[14.3962,43.3202]}},{"type":"Feature","properties":{"name":"Krk","until":7},"geometry":{"type":"Point","coordinates":[14.5432,43.0874]}},{"type":"Feature","properties":{"name":"Brač","until":7},"geometry":{"type":"Point","coordinates":[16.6388,44.8525]}},{"type":"Feature","properties":{"name":"Krk","until":7},"geometry":{"type":"Point","coordinates":[14.5432,47.0575]}},{"type":"Feature","properties":{"name":"Isola di Sicilia","until":7},"geometry":{"type":"Point","coordinates":[14.3413,37.8781]}},{"type":"Feature","properties":{"name":"Rebbenesøya","until":7},"geometry":{"type":"Point","coordinates":[18.7303,70.2235]}},{"type":"Feature","properties":{"name":"Nordkvaløya","until":7},"geometry":{"type":"Point","coordinates":[19.1334,70.149]}},{"type":"Feature","properties":{"name":"Reinøya","until":7},"geometry":{"type":"Point","coordinates":[19.6284,70.3838]}},{"type":"Feature","properties":{"name":"Andørja","until":7},"geometry":{"type":"Point","coordinates":[17.3289,69.4279]}},{"type":"Feature","properties":{"name":"Rolla","until":7},"geometry":{"type":"Point","coordinates":[17.0164,69.5352]}},{"type":"Feature","properties":{"name":"Värmdö","until":7},"geometry":{"type":"Point","coordinates":[18.5408,59.7477]}},{"type":"Feature","properties":{"name":"Szigetköz","until":7},"geometry":{"type":"Point","coordinates":[17.6241,48.2238]}},{"type":"Feature","properties":{"name":"Parryøya","until":7},"geometry":{"type":"Point","coordinates":[20.7388,81.0913]}},{"type":"Feature","properties":{"name":"Phippsøya","until":7},"geometry":{"type":"Point","coordinates":[20.9159,81.0356]}},{"type":"Feature","properties":{"name":"Chermsideøya","until":7},"geometry":{"type":"Point","coordinates":[19.9416,80.3357]}},{"type":"Feature","properties":{"name":"Wahlbergøya","until":7},"geometry":{"type":"Point","coordinates":[19.7919,79.4987]}},{"type":"Feature","properties":{"name":"Uløya","until":7},"geometry":{"type":"Point","coordinates":[20.6158,70.4382]}},{"type":"Feature","properties":{"name":"Arnøya","until":7},"geometry":{"type":"Point","coordinates":[20.6447,70.1138]}},{"type":"Feature","properties":{"name":"Kågen","until":7},"geometry":{"type":"Point","coordinates":[20.8466,70.3139]}},{"type":"Feature","properties":{"name":"Vannøya","until":7},"geometry":{"type":"Point","coordinates":[19.8324,70.1665]}},{"type":"Feature","properties":{"name":"Ζάκυνθος","until":7},"geometry":{"type":"Point","coordinates":[20.7827,37.6664]}},{"type":"Feature","properties":{"name":"Κεφαλονιά","until":7},"geometry":{"type":"Point","coordinates":[20.6097,37.2462]}},{"type":"Feature","properties":{"name":"Replot","until":7},"geometry":{"type":"Point","coordinates":[21.3842,63.8543]}},{"type":"Feature","properties":{"name":"Κέρκυρα","until":7},"geometry":{"type":"Point","coordinates":[19.763,40.0833]}},{"type":"Feature","properties":{"name":"Søre Repøya","until":7},"geometry":{"type":"Point","coordinates":[24.2386,80.4382]}},{"type":"Feature","properties":{"name":"Hopen","until":7},"geometry":{"type":"Point","coordinates":[25.0681,76.4921]}},{"type":"Feature","properties":{"name":"Stjernøya","until":7},"geometry":{"type":"Point","coordinates":[22.6126,69.9713]}},{"type":"Feature","properties":{"name":"Rolvsøya","until":7},"geometry":{"type":"Point","coordinates":[24.0216,71.1997]}},{"type":"Feature","properties":{"name":"Κρήτη","until":7},"geometry":{"type":"Point","coordinates":[25.0481,35.7894]}},{"type":"Feature","properties":{"name":"Hailuoto","until":7},"geometry":{"type":"Point","coordinates":[24.6993,64.5192]}},{"type":"Feature","properties":{"name":"Kimitoön","until":7},"geometry":{"type":"Point","coordinates":[22.7335,58.9103]}},{"type":"Feature","properties":{"name":"Λήμνος","until":7},"geometry":{"type":"Point","coordinates":[25.1752,39.8808]}},{"type":"Feature","properties":{"name":"Θάσος","until":7},"geometry":{"type":"Point","coordinates":[24.6513,39.1263]}},{"type":"Feature","properties":{"name":"Άνδρος","until":7},"geometry":{"type":"Point","coordinates":[24.8785,37.5859]}},{"type":"Feature","properties":{"name":"Εύβοια","until":7},"geometry":{"type":"Point","coordinates":[23.876,36.8884]}},{"type":"Feature","properties":{"name":"Muhu","until":7},"geometry":{"type":"Point","coordinates":[23.2471,57.5464]}},{"type":"Feature","properties":{"name":"Chief's Island","until":7},"geometry":{"type":"Point","coordinates":[23.0644,-21.8774]}},{"type":"Feature","properties":{"name":"Storøya","until":7},"geometry":{"type":"Point","coordinates":[28.0659,79.7753]}},{"type":"Feature","properties":{"name":"Hurissalo","until":7},"geometry":{"type":"Point","coordinates":[27.8284,60.3456]}},{"type":"Feature","properties":{"name":"Ρόδος","until":7},"geometry":{"type":"Point","coordinates":[27.943,34.7286]}},{"type":"Feature","properties":{"name":"Σάμος","until":7},"geometry":{"type":"Point","coordinates":[26.819,37.7126]}},{"type":"Feature","properties":{"name":"Νάξος","until":7},"geometry":{"type":"Point","coordinates":[25.4704,38.3713]}},{"type":"Feature","properties":{"name":"Χίος","until":7},"geometry":{"type":"Point","coordinates":[26.0149,36.9241]}},{"type":"Feature","properties":{"name":"Λέσβος","until":7},"geometry":{"type":"Point","coordinates":[26.2731,40.5237]}},{"type":"Feature","properties":{"name":"Insula Sfântu Gheorghe","until":7},"geometry":{"type":"Point","coordinates":[29.4935,43.0824]}},{"type":"Feature","properties":{"name":"Insula Sfântu Gheorghe","until":7},"geometry":{"type":"Point","coordinates":[29.4935,47.0528]}},{"type":"Feature","properties":{"name":"Skogerøya","until":7},"geometry":{"type":"Point","coordinates":[29.8828,70.4092]}},{"type":"Feature","properties":{"name":"Ez Zeraf island","until":7},"geometry":{"type":"Point","coordinates":[30.5489,10.7503]}},{"type":"Feature","properties":{"name":"Partalansaari","until":7},"geometry":{"type":"Point","coordinates":[28.4505,62.8373]}},{"type":"Feature","properties":{"name":"Κύπρος","until":7},"geometry":{"type":"Point","coordinates":[33.2838,35.9063]}},{"type":"Feature","properties":{"name":"دلتا نهر النيل","until":7},"geometry":{"type":"Point","coordinates":[31.0542,30.208]}},{"type":"Feature","properties":{"name":"остров Кильдин","until":7},"geometry":{"type":"Point","coordinates":[34.1022,68.9648]}},{"type":"Feature","properties":{"name":"Соловецкий остров","until":7},"geometry":{"type":"Point","coordinates":[35.6424,64.4601]}},{"type":"Feature","properties":{"name":"Большой Клименецкий остров","until":7},"geometry":{"type":"Point","coordinates":[35.2709,62.6047]}},{"type":"Feature","properties":{"name":"Unguja","until":7},"geometry":{"type":"Point","coordinates":[39.3208,-7.9253]}},{"type":"Feature","properties":{"name":"Marion Island","until":7},"geometry":{"type":"Point","coordinates":[37.7442,-45.2309]}},{"type":"Feature","properties":{"name":"Dahlak Kebir","until":7},"geometry":{"type":"Point","coordinates":[40.0802,14.8426]}},{"type":"Feature","properties":{"name":"القمر الكبرى","until":7},"geometry":{"type":"Point","coordinates":[43.3548,-13.3642]}},{"type":"Feature","properties":{"name":"Madagasikara / Madagascar","until":7},"geometry":{"type":"Point","coordinates":[46.6802,-17.0345]}},{"type":"Feature","properties":{"name":"Остров Мейбел","until":7},"geometry":{"type":"Point","coordinates":[49.4804,79.8287]}},{"type":"Feature","properties":{"name":"جزيرة بوبيان","until":7},"geometry":{"type":"Point","coordinates":[48.2334,31.7474]}},{"type":"Feature","properties":{"name":"جزیره آبادان","until":7},"geometry":{"type":"Point","coordinates":[48.5644,31.4679]}},{"type":"Feature","properties":{"name":"Pemba","until":7},"geometry":{"type":"Point","coordinates":[39.7733,-3.3935]}},{"type":"Feature","properties":{"name":"Остров Скотт-Келти","until":7},"geometry":{"type":"Point","coordinates":[52.3581,80.4926]}},{"type":"Feature","properties":{"name":"Сенгейский","until":7},"geometry":{"type":"Point","coordinates":[51.2938,67.8082]}},{"type":"Feature","properties":{"name":"Остров Алджер","until":7},"geometry":{"type":"Point","coordinates":[55.9808,80.4421]}},{"type":"Feature","properties":{"name":"Остров Брайса","until":7},"geometry":{"type":"Point","coordinates":[55.1836,80.4357]}},{"type":"Feature","properties":{"name":"Остров Бромвича","until":7},"geometry":{"type":"Point","coordinates":[54.8843,80.3343]}},{"type":"Feature","properties":{"name":"Остров Ли Смита","until":7},"geometry":{"type":"Point","coordinates":[54.2409,80.5591]}},{"type":"Feature","properties":{"name":"Остров Притчетта","until":7},"geometry":{"type":"Point","coordinates":[54.6515,80.4107]}},{"type":"Feature","properties":{"name":"جزیره قشم","until":7},"geometry":{"type":"Point","coordinates":[55.9664,24.7643]}},{"type":"Feature","properties":{"name":"سقطرى","until":7},"geometry":{"type":"Point","coordinates":[53.651,12.639]}},{"type":"Feature","properties":{"name":"La Réunion","until":7},"geometry":{"type":"Point","coordinates":[55.507,-20.1514]}},{"type":"Feature","properties":{"name":"Острова Комсомольские","until":7},"geometry":{"type":"Point","coordinates":[58.6601,80.2402]}},{"type":"Feature","properties":{"name":"остров Кейна","until":7},"geometry":{"type":"Point","coordinates":[58.6533,80.6638]}},{"type":"Feature","properties":{"name":"остров Куна","until":7},"geometry":{"type":"Point","coordinates":[58.382,81.4831]}},{"type":"Feature","properties":{"name":"Остров Вильчека","until":7},"geometry":{"type":"Point","coordinates":[58.5825,79.9167]}},{"type":"Feature","properties":{"name":"остров Гогенлоэ","until":7},"geometry":{"type":"Point","coordinates":[58.5187,81.8397]}},{"type":"Feature","properties":{"name":"остров Долгий","until":7},"geometry":{"type":"Point","coordinates":[58.9423,69.0246]}},{"type":"Feature","properties":{"name":"جزيرة المصيرة","until":7},"geometry":{"type":"Point","coordinates":[58.7041,20.9525]}},{"type":"Feature","properties":{"name":"Ile Maurice","until":7},"geometry":{"type":"Point","coordinates":[57.5402,-20.9262]}},{"type":"Feature","properties":{"name":"Остров Южный Хохштеттера","until":7},"geometry":{"type":"Point","coordinates":[60.0918,79.6973]}},{"type":"Feature","properties":{"name":"остров Панкратьева","until":7},"geometry":{"type":"Point","coordinates":[60.1508,75.5605]}},{"type":"Feature","properties":{"name":"Остров Беккера","until":7},"geometry":{"type":"Point","coordinates":[59.5864,81.4258]}},{"type":"Feature","properties":{"name":"остров Фреден","until":7},"geometry":{"type":"Point","coordinates":[62.0522,81.89]}},{"type":"Feature","properties":{"name":"остров Литке","until":7},"geometry":{"type":"Point","coordinates":[67.1917,68.8363]}},{"type":"Feature","properties":{"name":"Miyonqol","until":7},"geometry":{"type":"Point","coordinates":[66.6039,39.925]}},{"type":"Feature","properties":{"name":"остров Наречи","until":7},"geometry":{"type":"Point","coordinates":[70.719,67.5233]}},{"type":"Feature","properties":{"name":"остров Ермак","until":7},"geometry":{"type":"Point","coordinates":[71.3088,67.3261]}},{"type":"Feature","properties":{"name":"остров Журавлиный","until":7},"geometry":{"type":"Point","coordinates":[70.9957,67.5049]}},{"type":"Feature","properties":{"name":"Salsette Island","until":7},"geometry":{"type":"Point","coordinates":[72.8764,16.75]}},{"type":"Feature","properties":{"name":"остров Вилькицкого","until":7},"geometry":{"type":"Point","coordinates":[75.7143,73.7896]}},{"type":"Feature","properties":{"name":"Heard Island","until":7},"geometry":{"type":"Point","coordinates":[73.5246,-53.5538]}},{"type":"Feature","properties":{"name":"остров Неупокоева","until":7},"geometry":{"type":"Point","coordinates":[76.4243,72.4732]}},{"type":"Feature","properties":{"name":"Восточная коса","until":7},"geometry":{"type":"Point","coordinates":[76.1462,73.7577]}},{"type":"Feature","properties":{"name":"Острова Свердрупа","until":7},"geometry":{"type":"Point","coordinates":[79.4044,74.254]}},{"type":"Feature","properties":{"name":"Sri Lanka","until":7},"geometry":{"type":"Point","coordinates":[80.891,7.0034]}},{"type":"Feature","properties":{"name":"остров Уединения","until":7},"geometry":{"type":"Point","coordinates":[82.4352,78.0301]}},{"type":"Feature","properties":{"name":"Пологий остров","until":7},"geometry":{"type":"Point","coordinates":[81.8543,75.7468]}},{"type":"Feature","properties":{"name":"Тройной остров","until":7},"geometry":{"type":"Point","coordinates":[82.6968,75.727]}},{"type":"Feature","properties":{"name":"остров Восточный Каменный","until":7},"geometry":{"type":"Point","coordinates":[83.2674,74.6992]}},{"type":"Feature","properties":{"name":"Западный Каменный остров","until":7},"geometry":{"type":"Point","coordinates":[82.5938,74.7055]}},{"type":"Feature","properties":{"name":"остров Расторгуева","until":7},"geometry":{"type":"Point","coordinates":[84.2933,73.2671]}},{"type":"Feature","properties":{"name":"Казанские","until":7},"geometry":{"type":"Point","coordinates":[83.6286,70.4843]}},{"type":"Feature","properties":{"name":"Никандровские","until":7},"geometry":{"type":"Point","coordinates":[83.1789,69.7267]}},{"type":"Feature","properties":{"name":"Макарова","until":7},"geometry":{"type":"Point","coordinates":[83.1981,70.3174]}},{"type":"Feature","properties":{"name":"Гидрограф","until":7},"geometry":{"type":"Point","coordinates":[82.6021,69.9322]}},{"type":"Feature","properties":{"name":"Бреховские","until":7},"geometry":{"type":"Point","coordinates":[82.4558,69.7545]}},{"type":"Feature","properties":{"name":"Лазарева","until":7},"geometry":{"type":"Point","coordinates":[82.8719,69.8015]}},{"type":"Feature","properties":{"name":"Сопочный","until":7},"geometry":{"type":"Point","coordinates":[83.2118,69.823]}},{"type":"Feature","properties":{"name":"Охотский","until":7},"geometry":{"type":"Point","coordinates":[82.69,69.6836]}},{"type":"Feature","properties":{"name":"остров Нерпичий","until":7},"geometry":{"type":"Point","coordinates":[86.5826,75.4741]}},{"type":"Feature","properties":{"name":"Большой Леонтьевский","until":7},"geometry":{"type":"Point","coordinates":[85.5258,70.5839]}},{"type":"Feature","properties":{"name":"остров Подкова","until":7},"geometry":{"type":"Point","coordinates":[84.5625,74.3572]}},{"type":"Feature","properties":{"name":"остров Круглый","until":7},"geometry":{"type":"Point","coordinates":[85.3322,74.2767]}},{"type":"Feature","properties":{"name":"остров Песцовый","until":7},"geometry":{"type":"Point","coordinates":[85.9447,74.2437]}},{"type":"Feature","properties":{"name":"Олений остров","until":7},"geometry":{"type":"Point","coordinates":[85.4977,74.0377]}},{"type":"Feature","properties":{"name":"Zavadovskiy Island","until":7},"geometry":{"type":"Point","coordinates":[86.4095,-67.3924]}},{"type":"Feature","properties":{"name":"Leskov Island","until":7},"geometry":{"type":"Point","coordinates":[85.1626,-67.5248]}},{"type":"Feature","properties":{"name":"Makredotova","until":7},"geometry":{"type":"Point","coordinates":[88.1337,72.596]}},{"type":"Feature","properties":{"name":"Сложный","until":7},"geometry":{"type":"Point","coordinates":[88.8183,77.2417]}},{"type":"Feature","properties":{"name":"Восточный","until":7},"geometry":{"type":"Point","coordinates":[92.851,79.4546]}},{"type":"Feature","properties":{"name":"চর দিয়ারা","until":7},"geometry":{"type":"Point","coordinates":[90.5219,24.116]}},{"type":"Feature","properties":{"name":"ভোলা","until":7},"geometry":{"type":"Point","coordinates":[90.721,24.302]}},{"type":"Feature","properties":{"name":"Little Andaman Island","until":7},"geometry":{"type":"Point","coordinates":[92.485,8.883]}},{"type":"Feature","properties":{"name":"Middle Andaman Island","until":7},"geometry":{"type":"Point","coordinates":[92.8523,12.4386]}},{"type":"Feature","properties":{"name":"South Andaman Island","until":7},"geometry":{"type":"Point","coordinates":[92.6944,13.248]}},{"type":"Feature","properties":{"name":"Drygalski Island","until":7},"geometry":{"type":"Point","coordinates":[92.4204,-66.1333]}},{"type":"Feature","properties":{"name":"остров Красин","until":7},"geometry":{"type":"Point","coordinates":[95.1711,76.3996]}},{"type":"Feature","properties":{"name":"остров Добрыня Никитич","until":7},"geometry":{"type":"Point","coordinates":[95.5481,76.3928]}},{"type":"Feature","properties":{"name":"остров Нансена","until":7},"geometry":{"type":"Point","coordinates":[94.6575,76.8188]}},{"type":"Feature","properties":{"name":"остров Большой Известняковый","until":7},"geometry":{"type":"Point","coordinates":[94.1103,79.8667]}},{"type":"Feature","properties":{"name":"ရမ်းဗြဲကျွန်း","until":7},"geometry":{"type":"Point","coordinates":[93.7862,16.8637]}},{"type":"Feature","properties":{"name":"North Andaman Island","until":7},"geometry":{"type":"Point","coordinates":[92.9395,11.8794]}},{"type":"Feature","properties":{"name":"Great Nicobar Island","until":7},"geometry":{"type":"Point","coordinates":[93.7862,6.951]}},{"type":"Feature","properties":{"name":"остров Ермолова","until":7},"geometry":{"type":"Point","coordinates":[96.1558,77.4215]}},{"type":"Feature","properties":{"name":"Колчака","until":7},"geometry":{"type":"Point","coordinates":[97.0903,75.6577]}},{"type":"Feature","properties":{"name":"остров Бианки","until":7},"geometry":{"type":"Point","coordinates":[97.3897,76.2809]}},{"type":"Feature","properties":{"name":"остров Петерсена","until":7},"geometry":{"type":"Point","coordinates":[96.1922,76.4148]}},{"type":"Feature","properties":{"name":"остров Пилота Махоткина","until":7},"geometry":{"type":"Point","coordinates":[97.0484,76.736]}},{"type":"Feature","properties":{"name":"Труд","until":7},"geometry":{"type":"Point","coordinates":[96.587,76.7802]}},{"type":"Feature","properties":{"name":"Pulau Nias","until":7},"geometry":{"type":"Point","coordinates":[97.6897,1.8323]}},{"type":"Feature","properties":{"name":"Pulau Simeulue","until":7},"geometry":{"type":"Point","coordinates":[95.9189,0.1064]}},{"type":"Feature","properties":{"name":"Henderson Island","until":7},"geometry":{"type":"Point","coordinates":[97.2427,-65.5104]}},{"type":"Feature","properties":{"name":"Остров Найдёныш","until":7},"geometry":{"type":"Point","coordinates":[100.1115,79.1994]}},{"type":"Feature","properties":{"name":"Большой","until":7},"geometry":{"type":"Point","coordinates":[99.7305,74.6205]}},{"type":"Feature","properties":{"name":"Pulau Siberut","until":7},"geometry":{"type":"Point","coordinates":[98.8358,-1.5667]}},{"type":"Feature","properties":{"name":"Pulau Pagai Utara","until":7},"geometry":{"type":"Point","coordinates":[100.1026,-0.0803]}},{"type":"Feature","properties":{"name":"Pulau Sipura","until":7},"geometry":{"type":"Point","coordinates":[99.6487,-0.6447]}},{"type":"Feature","properties":{"name":"Pulau Samosir","until":7},"geometry":{"type":"Point","coordinates":[98.8014,0.2177]}},{"type":"Feature","properties":{"name":"Pulau Pagai Selatan","until":7},"geometry":{"type":"Point","coordinates":[100.2914,-5.4677]}},{"type":"Feature","properties":{"name":"David Island","until":7},"geometry":{"type":"Point","coordinates":[98.7808,-65.4557]}},{"type":"Feature","properties":{"name":"Пекэс-Ары","until":7},"geometry":{"type":"Point","coordinates":[103.9959,73.122]}},{"type":"Feature","properties":{"name":"Sumatra","until":7},"geometry":{"type":"Point","coordinates":[103.5503,-5.3809]}},{"type":"Feature","properties":{"name":"Singapore Island","until":7},"geometry":{"type":"Point","coordinates":[103.7975,1.4439]}},{"type":"Feature","properties":{"name":"Pulau Pedang","until":7},"geometry":{"type":"Point","coordinates":[102.3576,1.647]}},{"type":"Feature","properties":{"name":"Pulau Rangsang","until":7},"geometry":{"type":"Point","coordinates":[102.9247,1.7857]}},{"type":"Feature","properties":{"name":"Pulau Bengkalis","until":7},"geometry":{"type":"Point","coordinates":[102.3967,1.3663]}},{"type":"Feature","properties":{"name":"Pulau Tebing Tinggi","until":7},"geometry":{"type":"Point","coordinates":[102.5903,1.938]}},{"type":"Feature","properties":{"name":"Pulau Rupat","until":7},"geometry":{"type":"Point","coordinates":[101.5707,0.9462]}},{"type":"Feature","properties":{"name":"Bowman Island","until":7},"geometry":{"type":"Point","coordinates":[102.9577,-64.3411]}},{"type":"Feature","properties":{"name":"остров Самуила","until":7},"geometry":{"type":"Point","coordinates":[106.7006,76.9048]}},{"type":"Feature","properties":{"name":"Pulau Bintan","until":7},"geometry":{"type":"Point","coordinates":[104.5644,1.7507]}},{"type":"Feature","properties":{"name":"Pulau Lingga","until":7},"geometry":{"type":"Point","coordinates":[104.5864,-2.6385]}},{"type":"Feature","properties":{"name":"Pulau Bangka","until":7},"geometry":{"type":"Point","coordinates":[106.3593,-0.1229]}},{"type":"Feature","properties":{"name":"Pulau Singkep","until":7},"geometry":{"type":"Point","coordinates":[104.445,-2.3243]}},{"type":"Feature","properties":{"name":"Большой","until":7},"geometry":{"type":"Point","coordinates":[107.5424,77.026]}},{"type":"Feature","properties":{"name":"Pulau Bunguran","until":7},"geometry":{"type":"Point","coordinates":[108.205,4.4806]}},{"type":"Feature","properties":{"name":"остров Ольхон","until":7},"geometry":{"type":"Point","coordinates":[107.3193,53.5362]}},{"type":"Feature","properties":{"name":"Pulau Padangtikar","until":7},"geometry":{"type":"Point","coordinates":[109.3174,-2.0224]}},{"type":"Feature","properties":{"name":"Pulau Maya","until":7},"geometry":{"type":"Point","coordinates":[109.5673,-1.6834]}},{"type":"Feature","properties":{"name":"Pulau Belitung","until":7},"geometry":{"type":"Point","coordinates":[107.9867,-5.5524]}},{"type":"Feature","properties":{"name":"海南岛","until":7},"geometry":{"type":"Point","coordinates":[109.5996,16.8584]}},{"type":"Feature","properties":{"name":"Pulau Lemangan","until":7},"geometry":{"type":"Point","coordinates":[111.6479,0.173]}},{"type":"Feature","properties":{"name":"Jawa","until":7},"geometry":{"type":"Point","coordinates":[111.229,-6.5507]}},{"type":"Feature","properties":{"name":"Южный","until":7},"geometry":{"type":"Point","coordinates":[113.2299,76.6611]}},{"type":"Feature","properties":{"name":"Barito Delta","until":7},"geometry":{"type":"Point","coordinates":[114.6471,-5.4855]}},{"type":"Feature","properties":{"name":"Borneo / Kalimantan","until":7},"geometry":{"type":"Point","coordinates":[114.4034,2.4286]}},{"type":"Feature","properties":{"name":"Pulau Bali","until":7},"geometry":{"type":"Point","coordinates":[115.1917,-5.6864]}},{"type":"Feature","properties":{"name":"Madura","until":7},"geometry":{"type":"Point","coordinates":[113.3988,-6.9687]}},{"type":"Feature","properties":{"name":"Dirk Hartog Island","until":7},"geometry":{"type":"Point","coordinates":[112.9971,-25.9377]}},{"type":"Feature","properties":{"name":"Palawan","until":7},"geometry":{"type":"Point","coordinates":[117.8963,10.5317]}},{"type":"Feature","properties":{"name":"Pulau Laut","until":7},"geometry":{"type":"Point","coordinates":[116.1536,-4.7817]}},{"type":"Feature","properties":{"name":"Pulau Sumbawa","until":7},"geometry":{"type":"Point","coordinates":[117.1795,-10.84]}},{"type":"Feature","properties":{"name":"Lombok","until":7},"geometry":{"type":"Point","coordinates":[116.3576,-11.0315]}},{"type":"Feature","properties":{"name":"Дянгылах","until":7},"geometry":{"type":"Point","coordinates":[120.1685,72.5463]}},{"type":"Feature","properties":{"name":"Busuanga Island","until":7},"geometry":{"type":"Point","coordinates":[120.0641,13.0126]}},{"type":"Feature","properties":{"name":"臺灣","until":7},"geometry":{"type":"Point","coordinates":[120.7885,23.086]}},{"type":"Feature","properties":{"name":"Selayar","until":7},"geometry":{"type":"Point","coordinates":[120.509,-7.9946]}},{"type":"Feature","properties":{"name":"Flores","until":7},"geometry":{"type":"Point","coordinates":[120.3504,-11.0268]}},{"type":"Feature","properties":{"name":"Sumba","until":7},"geometry":{"type":"Point","coordinates":[120.3072,-9.6177]}},{"type":"Feature","properties":{"name":"Sulawesi","until":7},"geometry":{"type":"Point","coordinates":[120.2914,-0.8322]}},{"type":"Feature","properties":{"name":"Polillo Island","until":7},"geometry":{"type":"Point","coordinates":[121.9146,15.6032]}},{"type":"Feature","properties":{"name":"Tablas","until":7},"geometry":{"type":"Point","coordinates":[122.0142,12.7676]}},{"type":"Feature","properties":{"name":"Mindoro","until":7},"geometry":{"type":"Point","coordinates":[121.0982,12.0729]}},{"type":"Feature","properties":{"name":"Marinduque","until":7},"geometry":{"type":"Point","coordinates":[121.9805,11.7215]}},{"type":"Feature","properties":{"name":"Masbate","until":7},"geometry":{"type":"Point","coordinates":[123.4341,12.777]}},{"type":"Feature","properties":{"name":"Pulau Peling","until":7},"geometry":{"type":"Point","coordinates":[122.9301,-1.4617]}},{"type":"Feature","properties":{"name":"Guimaras Island","until":7},"geometry":{"type":"Point","coordinates":[122.6088,9.0099]}},{"type":"Feature","properties":{"name":"Panay","until":7},"geometry":{"type":"Point","coordinates":[122.4062,8.5084]}},{"type":"Feature","properties":{"name":"Negros","until":7},"geometry":{"type":"Point","coordinates":[122.7853,9.8762]}},{"type":"Feature","properties":{"name":"Pulau Lembata","until":7},"geometry":{"type":"Point","coordinates":[123.4527,-5.5784]}},{"type":"Feature","properties":{"name":"Jolo Island","until":7},"geometry":{"type":"Point","coordinates":[121.0982,8.0252]}},{"type":"Feature","properties":{"name":"Basilan Island","until":7},"geometry":{"type":"Point","coordinates":[122.0444,7.4646]}},{"type":"Feature","properties":{"name":"Luzon","until":7},"geometry":{"type":"Point","coordinates":[121.3783,19.0024]}},{"type":"Feature","properties":{"name":"崇明岛","until":7},"geometry":{"type":"Point","coordinates":[121.4017,29.7644]}},{"type":"Feature","properties":{"name":"舟山岛","until":7},"geometry":{"type":"Point","coordinates":[122.0732,31.424]}},{"type":"Feature","properties":{"name":"Pulau Lembata","until":7},"geometry":{"type":"Point","coordinates":[123.4527,-11.1414]}},{"type":"Feature","properties":{"name":"Pulau Rote","until":7},"geometry":{"type":"Point","coordinates":[123.1547,-8.8634]}},{"type":"Feature","properties":{"name":"Buton","until":7},"geometry":{"type":"Point","coordinates":[123.016,-3.854]}},{"type":"Feature","properties":{"name":"Muna","until":7},"geometry":{"type":"Point","coordinates":[122.5436,-3.5333]}},{"type":"Feature","properties":{"name":"Wowoni","until":7},"geometry":{"type":"Point","coordinates":[123.0984,-4.3101]}},{"type":"Feature","properties":{"name":"Pulau Kabaena","until":7},"geometry":{"type":"Point","coordinates":[121.9221,-3.1529]}},{"type":"Feature","properties":{"name":"остров Дунай-Арыта","until":7},"geometry":{"type":"Point","coordinates":[124.5863,73.388]}},{"type":"Feature","properties":{"name":"Туора-Арыта","until":7},"geometry":{"type":"Point","coordinates":[125.3368,72.8299]}},{"type":"Feature","properties":{"name":"Дянгылах-Сис","until":7},"geometry":{"type":"Point","coordinates":[125.411,73.0388]}},{"type":"Feature","properties":{"name":"Хардах-Арыта","until":7},"geometry":{"type":"Point","coordinates":[126.4931,72.8159]}},{"type":"Feature","properties":{"name":"Сингнибит-Уя-Арыта","until":7},"geometry":{"type":"Point","coordinates":[125.5538,72.6006]}},{"type":"Feature","properties":{"name":"Сиен-Арыта","until":7},"geometry":{"type":"Point","coordinates":[124.6866,72.7072]}},{"type":"Feature","properties":{"name":"Кулчук-Аянын-Арыта","until":7},"geometry":{"type":"Point","coordinates":[126.1285,72.9448]}},{"type":"Feature","properties":{"name":"Ангабыл-Арыта","until":7},"geometry":{"type":"Point","coordinates":[125.0656,73.0388]}},{"type":"Feature","properties":{"name":"Конон-Арыта","until":7},"geometry":{"type":"Point","coordinates":[125.619,73.1389]}},{"type":"Feature","properties":{"name":"Сюрюктях-Арыта","until":7},"geometry":{"type":"Point","coordinates":[125.8202,73.0522]}},{"type":"Feature","properties":{"name":"Васька-Агатын-Арыта","until":7},"geometry":{"type":"Point","coordinates":[126.0098,72.9893]}},{"type":"Feature","properties":{"name":"Кирдиелиме-Арыта","until":7},"geometry":{"type":"Point","coordinates":[126.3414,72.6682]}},{"type":"Feature","properties":{"name":"Осип-Арыта","until":7},"geometry":{"type":"Point","coordinates":[126.5172,72.5545]}},{"type":"Feature","properties":{"name":"제주도","until":7},"geometry":{"type":"Point","coordinates":[126.5481,32.894]}},{"type":"Feature","properties":{"name":"Catanduanes Island","until":7},"geometry":{"type":"Point","coordinates":[124.2602,11.3319]}},{"type":"Feature","properties":{"name":"Samar","until":7},"geometry":{"type":"Point","coordinates":[124.9619,12.8674]}},{"type":"Feature","properties":{"name":"Pulau Taliabu","until":7},"geometry":{"type":"Point","coordinates":[124.6152,-1.0114]}},{"type":"Feature","properties":{"name":"Pulau Mangoli","until":7},"geometry":{"type":"Point","coordinates":[125.536,-0.9338]}},{"type":"Feature","properties":{"name":"Pulau Pantar","until":7},"geometry":{"type":"Point","coordinates":[124.1476,-11.1461]}},{"type":"Feature","properties":{"name":"Timor","until":7},"geometry":{"type":"Point","coordinates":[124.357,-9.9472]}},{"type":"Feature","properties":{"name":"Pulau Wetar","until":7},"geometry":{"type":"Point","coordinates":[126.3984,-6.2232]}},{"type":"Feature","properties":{"name":"Pulau Pantar","until":7},"geometry":{"type":"Point","coordinates":[124.1476,-5.5832]}},{"type":"Feature","properties":{"name":"Pulau Alor","until":7},"geometry":{"type":"Point","coordinates":[124.7655,-5.7574]}},{"type":"Feature","properties":{"name":"Leyte","until":7},"geometry":{"type":"Point","coordinates":[124.8267,8.4601]}},{"type":"Feature","properties":{"name":"Cebu","until":7},"geometry":{"type":"Point","coordinates":[123.8619,9.0634]}},{"type":"Feature","properties":{"name":"Bohol","until":7},"geometry":{"type":"Point","coordinates":[124.2657,9.6854]}},{"type":"Feature","properties":{"name":"Dinagat","until":7},"geometry":{"type":"Point","coordinates":[125.6493,9.5256]}},{"type":"Feature","properties":{"name":"Mindanao","until":7},"geometry":{"type":"Point","coordinates":[124.9866,6.4777]}},{"type":"Feature","properties":{"name":"Хар-Балаган-Арыта","until":7},"geometry":{"type":"Point","coordinates":[126.9388,73.962]}},{"type":"Feature","properties":{"name":"Кусаган-Стан-Кытыта","until":7},"geometry":{"type":"Point","coordinates":[128.0045,73.9881]}},{"type":"Feature","properties":{"name":"Осохтох-Арыта","until":7},"geometry":{"type":"Point","coordinates":[127.462,73.9284]}},{"type":"Feature","properties":{"name":"Лаврентий-Арыта","until":7},"geometry":{"type":"Point","coordinates":[127.4139,74.0275]}},{"type":"Feature","properties":{"name":"Бырдя-Арыта","until":7},"geometry":{"type":"Point","coordinates":[127.6948,74.0135]}},{"type":"Feature","properties":{"name":"Хомо-Арыта","until":7},"geometry":{"type":"Point","coordinates":[126.9978,73.9044]}},{"type":"Feature","properties":{"name":"Кытах-Арыта","until":7},"geometry":{"type":"Point","coordinates":[126.7074,74.0027]}},{"type":"Feature","properties":{"name":"Сэгэсин-Арыта","until":7},"geometry":{"type":"Point","coordinates":[127.1407,73.8499]}},{"type":"Feature","properties":{"name":"Улахан-Мекчирге-Арыта","until":7},"geometry":{"type":"Point","coordinates":[128.0814,72.9575]}},{"type":"Feature","properties":{"name":"Кыллыр-Арыта","until":7},"geometry":{"type":"Point","coordinates":[128.9026,72.7942]}},{"type":"Feature","properties":{"name":"Архип-Арыта","until":7},"geometry":{"type":"Point","coordinates":[126.9271,72.4575]}},{"type":"Feature","properties":{"name":"Ostrov Arbagastakh-Aryta","until":7},"geometry":{"type":"Point","coordinates":[128.0635,72.7939]}},{"type":"Feature","properties":{"name":"Арбагастах-Арыта","until":7},"geometry":{"type":"Point","coordinates":[128.2256,72.8218]}},{"type":"Feature","properties":{"name":"Мойтуруктах-Арыта","until":7},"geometry":{"type":"Point","coordinates":[128.2434,72.6516]}},{"type":"Feature","properties":{"name":"Прокофий-Арыта","until":7},"geometry":{"type":"Point","coordinates":[128.5167,72.5765]}},{"type":"Feature","properties":{"name":"Арга-Хоюктах-Арыта","until":7},"geometry":{"type":"Point","coordinates":[126.7053,72.5393]}},{"type":"Feature","properties":{"name":"Кыллах-Арыта","until":7},"geometry":{"type":"Point","coordinates":[126.9196,72.8037]}},{"type":"Feature","properties":{"name":"Булгунняхтах-Арыта","until":7},"geometry":{"type":"Point","coordinates":[126.925,73.0446]}},{"type":"Feature","properties":{"name":"Кучун-Арыта","until":7},"geometry":{"type":"Point","coordinates":[127.598,72.5399]}},{"type":"Feature","properties":{"name":"Уоруях-Арыта","until":7},"geometry":{"type":"Point","coordinates":[127.7023,72.6153]}},{"type":"Feature","properties":{"name":"Умайбыт-Куогастах-Арыта","until":7},"geometry":{"type":"Point","coordinates":[127.6254,72.4662]}},{"type":"Feature","properties":{"name":"Буор-Ылар-Сисе","until":7},"geometry":{"type":"Point","coordinates":[129.0358,71.6777]}},{"type":"Feature","properties":{"name":"Тас-Ары","until":7},"geometry":{"type":"Point","coordinates":[127.3576,72.099]}},{"type":"Feature","properties":{"name":"Тит-Ары","until":7},"geometry":{"type":"Point","coordinates":[127.0768,71.9705]}},{"type":"Feature","properties":{"name":"Бырдахтах-Арыта","until":7},"geometry":{"type":"Point","coordinates":[128.242,71.6438]}},{"type":"Feature","properties":{"name":"奄美大島","until":7},"geometry":{"type":"Point","coordinates":[129.3729,28.305]}},{"type":"Feature","properties":{"name":"沖縄本島","until":7},"geometry":{"type":"Point","coordinates":[128.2015,24.9176]}},{"type":"Feature","properties":{"name":"Pulau Halmahera","until":7},"geometry":{"type":"Point","coordinates":[128.3952,1.6196]}},{"type":"Feature","properties":{"name":"Pulau Morotai","until":7},"geometry":{"type":"Point","coordinates":[128.4247,0.561]}},{"type":"Feature","properties":{"name":"Pulau Obi","until":7},"geometry":{"type":"Point","coordinates":[127.6103,-1.2537]}},{"type":"Feature","properties":{"name":"Pulau Bacan","until":7},"geometry":{"type":"Point","coordinates":[127.5217,-2.3038]}},{"type":"Feature","properties":{"name":"Pulau Karakelang","until":7},"geometry":{"type":"Point","coordinates":[126.7712,4.0739]}},{"type":"Feature","properties":{"name":"Pulau Ambon","until":7},"geometry":{"type":"Point","coordinates":[128.0683,-4.7735]}},{"type":"Feature","properties":{"name":"Pulau Buru","until":7},"geometry":{"type":"Point","coordinates":[126.6566,-4.9699]}},{"type":"Feature","properties":{"name":"対馬","until":7},"geometry":{"type":"Point","coordinates":[129.3915,36.3312]}},{"type":"Feature","properties":{"name":"屋久島","until":7},"geometry":{"type":"Point","coordinates":[130.5148,31.1605]}},{"type":"Feature","properties":{"name":"種子島","until":7},"geometry":{"type":"Point","coordinates":[131.0023,30.8792]}},{"type":"Feature","properties":{"name":"下島","until":7},"geometry":{"type":"Point","coordinates":[130.1097,33.8425]}},{"type":"Feature","properties":{"name":"九州","until":7},"geometry":{"type":"Point","coordinates":[131.2598,33.4085]}},{"type":"Feature","properties":{"name":"Pulau Seram","until":7},"geometry":{"type":"Point","coordinates":[130.2635,-5.1518]}},{"type":"Feature","properties":{"name":"Pulau Babar","until":7},"geometry":{"type":"Point","coordinates":[129.7334,-6.1139]}},{"type":"Feature","properties":{"name":"Pulau Yamdena","until":7},"geometry":{"type":"Point","coordinates":[131.4219,-6.4525]}},{"type":"Feature","properties":{"name":"Pulau Salawati","until":7},"geometry":{"type":"Point","coordinates":[130.8904,-1.7177]}},{"type":"Feature","properties":{"name":"Pulau Batanme","until":7},"geometry":{"type":"Point","coordinates":[130.0932,-0.9448]}},{"type":"Feature","properties":{"name":"Pulau Waigeo","until":7},"geometry":{"type":"Point","coordinates":[131.025,-2.6228]}},{"type":"Feature","properties":{"name":"Bathurst Island","until":7},"geometry":{"type":"Point","coordinates":[130.3892,-13.397]}},{"type":"Feature","properties":{"name":"Melville Island","until":7},"geometry":{"type":"Point","coordinates":[130.9907,-13.5172]}},{"type":"Feature","properties":{"name":"四国","until":7},"geometry":{"type":"Point","coordinates":[134.152,32.3475]}},{"type":"Feature","properties":{"name":"淡路島","until":7},"geometry":{"type":"Point","coordinates":[134.8242,31.9522]}},{"type":"Feature","properties":{"name":"淡路島","until":7},"geometry":{"type":"Point","coordinates":[134.8242,36.5979]}},{"type":"Feature","properties":{"name":"Pulau Wokam","until":7},"geometry":{"type":"Point","coordinates":[134.5448,-8.2258]}},{"type":"Feature","properties":{"name":"Kobroor","until":7},"geometry":{"type":"Point","coordinates":[134.5585,-7.911]}},{"type":"Feature","properties":{"name":"Trangan","until":7},"geometry":{"type":"Point","coordinates":[134.3491,-7.4755]}},{"type":"Feature","properties":{"name":"остров Феклистова","until":7},"geometry":{"type":"Point","coordinates":[136.9817,54.9453]}},{"type":"Feature","properties":{"name":"Supiori","until":7},"geometry":{"type":"Point","coordinates":[135.6262,-2.0341]}},{"type":"Feature","properties":{"name":"Pulau Biak","until":7},"geometry":{"type":"Point","coordinates":[135.9414,-1.8481]}},{"type":"Feature","properties":{"name":"Pulau Yapen","until":7},"geometry":{"type":"Point","coordinates":[136.157,-1.056]}},{"type":"Feature","properties":{"name":"Groote Eylandt","until":7},"geometry":{"type":"Point","coordinates":[136.58,-16.5184]}},{"type":"Feature","properties":{"name":"Kangaroo Island","until":7},"geometry":{"type":"Point","coordinates":[137.3339,-35.1008]}},{"type":"Feature","properties":{"name":"Mornington Island","until":7},"geometry":{"type":"Point","coordinates":[139.308,-13.9807]}},{"type":"Feature","properties":{"name":"本州","until":7},"geometry":{"type":"Point","coordinates":[138.2183,34.7151]}},{"type":"Feature","properties":{"name":"佐渡島","until":7},"geometry":{"type":"Point","coordinates":[138.3508,37.368]}},{"type":"Feature","properties":{"name":"Pulau Dolok","until":7},"geometry":{"type":"Point","coordinates":[138.3192,-6.0682]}},{"type":"Feature","properties":{"name":"Pulau Komoran","until":7},"geometry":{"type":"Point","coordinates":[138.7553,-5.7362]}},{"type":"Feature","properties":{"name":"北海道","until":7},"geometry":{"type":"Point","coordinates":[142.7921,44.674]}},{"type":"Feature","properties":{"name":"New Guinea / Papua / Niugini","until":7},"geometry":{"type":"Point","coordinates":[140.9038,-2.8827]}},{"type":"Feature","properties":{"name":"Кунашир","until":7},"geometry":{"type":"Point","coordinates":[146.1587,43.8038]}},{"type":"Feature","properties":{"name":"King Island","until":7},"geometry":{"type":"Point","coordinates":[143.9854,-39.9503]}},{"type":"Feature","properties":{"name":"Итуруп","until":7},"geometry":{"type":"Point","coordinates":[147.9076,43.0513]}},{"type":"Feature","properties":{"name":"Manus","until":7},"geometry":{"type":"Point","coordinates":[146.8845,-0.7381]}},{"type":"Feature","properties":{"name":"Umboi Island","until":7},"geometry":{"type":"Point","coordinates":[147.9378,-2.7833]}},{"type":"Feature","properties":{"name":"Umboi Island","until":7},"geometry":{"type":"Point","coordinates":[147.9378,-8.3793]}},{"type":"Feature","properties":{"name":"Flinders Island","until":7},"geometry":{"type":"Point","coordinates":[148.0627,-39.8048]}},{"type":"Feature","properties":{"name":"Truwana / Cape Barren Island","until":7},"geometry":{"type":"Point","coordinates":[148.233,-39.4245]}},{"type":"Feature","properties":{"name":"Bruny Island","until":7},"geometry":{"type":"Point","coordinates":[147.282,-44.7779]}},{"type":"Feature","properties":{"name":"Tasmania","until":7},"geometry":{"type":"Point","coordinates":[146.4835,-41.9059]}},{"type":"Feature","properties":{"name":"Симушир","until":7},"geometry":{"type":"Point","coordinates":[151.7789,45.3179]}},{"type":"Feature","properties":{"name":"New Britain","until":7},"geometry":{"type":"Point","coordinates":[149.9716,-8.1619]}},{"type":"Feature","properties":{"name":"New Hanover","until":7},"geometry":{"type":"Point","coordinates":[150.203,-0.2925]}},{"type":"Feature","properties":{"name":"Goodenough Island","until":7},"geometry":{"type":"Point","coordinates":[150.2305,-10.2622]}},{"type":"Feature","properties":{"name":"Fergusson Island","until":7},"geometry":{"type":"Point","coordinates":[150.7297,-10.0507]}},{"type":"Feature","properties":{"name":"Normanby Island","until":7},"geometry":{"type":"Point","coordinates":[151.2083,-9.554]}},{"type":"Feature","properties":{"name":"остров Жохова","until":7},"geometry":{"type":"Point","coordinates":[152.7072,75.5367]}},{"type":"Feature","properties":{"name":"Онекотан","until":7},"geometry":{"type":"Point","coordinates":[154.728,50.2964]}},{"type":"Feature","properties":{"name":"Woodlark Island","until":7},"geometry":{"type":"Point","coordinates":[152.8493,-10.4331]}},{"type":"Feature","properties":{"name":"Tagula Island","until":7},"geometry":{"type":"Point","coordinates":[153.569,-13.5606]}},{"type":"Feature","properties":{"name":"New Ireland","until":7},"geometry":{"type":"Point","coordinates":[152.8542,-4.0115]}},{"type":"Feature","properties":{"name":"Buka","until":7},"geometry":{"type":"Point","coordinates":[154.6312,-3.1981]}},{"type":"Feature","properties":{"name":"K'gari","until":7},"geometry":{"type":"Point","coordinates":[153.1467,-26.3488]}},{"type":"Feature","properties":{"name":"Шумшу","until":7},"geometry":{"type":"Point","coordinates":[156.3313,52.5074]}},{"type":"Feature","properties":{"name":"Шумшу","until":7},"geometry":{"type":"Point","coordinates":[156.3313,48.9491]}},{"type":"Feature","properties":{"name":"Kolombangara","until":7},"geometry":{"type":"Point","coordinates":[157.0681,-6.0347]}},{"type":"Feature","properties":{"name":"Choiseul","until":7},"geometry":{"type":"Point","coordinates":[156.9239,-7.0178]}},{"type":"Feature","properties":{"name":"New Georgia","until":7},"geometry":{"type":"Point","coordinates":[157.4815,-5.9261]}},{"type":"Feature","properties":{"name":"Vella Lavella","until":7},"geometry":{"type":"Point","coordinates":[156.6712,-6.2395]}},{"type":"Feature","properties":{"name":"Bougainville","until":7},"geometry":{"type":"Point","coordinates":[155.5506,-7.468]}},{"type":"Feature","properties":{"name":"Guadalcanal Island","until":7},"geometry":{"type":"Point","coordinates":[160.0914,-9.954]}},{"type":"Feature","properties":{"name":"Rennell","until":7},"geometry":{"type":"Point","coordinates":[160.0289,-13.5739]}},{"type":"Feature","properties":{"name":"Santa Isabel","until":7},"geometry":{"type":"Point","coordinates":[159.4144,-5.8688]}},{"type":"Feature","properties":{"name":"Крестовский остров","until":7},"geometry":{"type":"Point","coordinates":[160.6078,71.3166]}},{"type":"Feature","properties":{"name":"Каменка","until":7},"geometry":{"type":"Point","coordinates":[161.2491,68.9517]}},{"type":"Feature","properties":{"name":"ГУСМП","until":7},"geometry":{"type":"Point","coordinates":[161.532,68.765]}},{"type":"Feature","properties":{"name":"Makira","until":7},"geometry":{"type":"Point","coordinates":[161.9275,-8.9665]}},{"type":"Feature","properties":{"name":"Malaita","until":7},"geometry":{"type":"Point","coordinates":[160.9648,-10.5735]}},{"type":"Feature","properties":{"name":"Young Island","until":7},"geometry":{"type":"Point","coordinates":[162.459,-65.4451]}},{"type":"Feature","properties":{"name":"Grande-Terre","until":7},"geometry":{"type":"Point","coordinates":[165.0874,-20.2461]}},{"type":"Feature","properties":{"name":"Auckland Island","until":7},"geometry":{"type":"Point","coordinates":[165.956,-52.415]}},{"type":"Feature","properties":{"name":"Buckle Island","until":7},"geometry":{"type":"Point","coordinates":[163.2184,-67.3372]}},{"type":"Feature","properties":{"name":"Sturge Island","until":7},"geometry":{"type":"Point","coordinates":[164.7736,-66.6889]}},{"type":"Feature","properties":{"name":"Медный остров","until":7},"geometry":{"type":"Point","coordinates":[167.6864,55.2224]}},{"type":"Feature","properties":{"name":"Efate","until":7},"geometry":{"type":"Point","coordinates":[168.3902,-18.3219]}},{"type":"Feature","properties":{"name":"Espiritu Santo","until":7},"geometry":{"type":"Point","coordinates":[166.9338,-15.1875]}},{"type":"Feature","properties":{"name":"Malekula","until":7},"geometry":{"type":"Point","coordinates":[167.5408,-14.1952]}},{"type":"Feature","properties":{"name":"Ambrym","until":7},"geometry":{"type":"Point","coordinates":[168.1252,-14.293]}},{"type":"Feature","properties":{"name":"Lifou","until":7},"geometry":{"type":"Point","coordinates":[167.1844,-20.2841]}},{"type":"Feature","properties":{"name":"Maré","until":7},"geometry":{"type":"Point","coordinates":[168.0091,-19.7163]}},{"type":"Feature","properties":{"name":"Айопэчан","until":7},"geometry":{"type":"Point","coordinates":[170.5682,69.4715]}},{"type":"Feature","properties":{"name":"Erromango","until":7},"geometry":{"type":"Point","coordinates":[169.1112,-17.1447]}},{"type":"Feature","properties":{"name":"Tanna","until":7},"geometry":{"type":"Point","coordinates":[169.3858,-21.7085]}},{"type":"Feature","properties":{"name":"North Island / Te Ika-a-Māui","until":7},"geometry":{"type":"Point","coordinates":[175.8836,-36.6558]}},{"type":"Feature","properties":{"name":"Kiska","until":7},"geometry":{"type":"Point","coordinates":[177.6084,51.1436]}},{"type":"Feature","properties":{"name":"Amchitka","until":7},"geometry":{"type":"Point","coordinates":[178.8691,51.6398]}},{"type":"Feature","properties":{"name":"Vanua Levu","until":7},"geometry":{"type":"Point","coordinates":[179.0771,-13.9474]}},{"type":"Feature","properties":{"name":"Vanua Levu","until":7},"geometry":{"type":"Point","coordinates":[179.0771,-19.3345]}},{"type":"Feature","properties":{"name":"Viti Levu","until":7},"geometry":{"type":"Point","coordinates":[177.9243,-18.1204]}}]}