{"type":"FeatureCollection","features":[{"type":"Feature","properties":{"kind":"Marine Indicator Median"},"geometry":{"type":"LineString","coordinates":[[172.91981,-19.73439],[172.9782,-19.62588],[173.04535,-19.50094],[173.12342,-19.35561],[173.19597,-19.22056],[173.26031,-19.10086],[173.34968,-18.93466],[173.42224,-18.79977],[173.48695,-18.67926],[173.55967,-18.54388],[173.57351,-18.39861],[173.58157,-18.31394]]}},{"type":"Feature","properties":{"kind":"Marine Indicator Median"},"geometry":{"type":"LineString","coordinates":[[129.94273,7.81008],[129.91435,7.73888],[129.88596,7.66768],[129.85758,7.59647],[129.8292,7.52527],[129.80081,7.45406],[129.77243,7.38286],[129.74404,7.31166],[129.71566,7.24045],[129.68727,7.16925],[129.65889,7.09805],[129.63051,7.02684],[129.60212,6.95564],[129.57374,6.88443],[129.54535,6.81323],[129.51697,6.74203],[129.48859,6.67082]]}},{"type":"Feature","properties":{"kind":"Marine Indicator Median"},"geometry":{"type":"LineString","coordinates":[[-176.74962,-9.89439],[-176.8558,-9.99403],[-176.96201,-10.09362],[-177.06822,-10.19326],[-177.17441,-10.2929],[-177.22612,-10.34648],[-177.27783,-10.40006],[-177.32957,-10.45358],[-177.38129,-10.50716]]}},{"type":"Feature","properties":{"kind":"Marine Indicator Median"},"geometry":{"type":"LineString","coordinates":[[-175.6222,-9.90061],[-175.53791,-9.96602],[-175.45362,-10.03139],[-175.36934,-10.09675],[-175.28505,-10.16217],[-175.20076,-10.22759],[-175.11648,-10.29295],[-175.03219,-10.35832],[-174.9479,-10.42374],[-174.86361,-10.48916],[-174.77933,-10.55452],[-174.69504,-10.61989],[-174.61075,-10.6853],[-174.52646,-10.75072],[-174.44217,-10.81614],[-174.35789,-10.88156],[-174.27363,-10.94693]]}},{"type":"Feature","properties":{"kind":"Marine Indicator Median"},"geometry":{"type":"LineString","coordinates":[[-174.47234,-13.28162],[-174.46153,-13.13997],[-174.45069,-12.99832],[-174.43985,-12.85667],[-174.42904,-12.71502],[-174.41822,-12.57337],[-174.40738,-12.43172],[-174.39654,-12.29007],[-174.38573,-12.14847]]}},{"type":"Feature","properties":{"kind":"Marine Indicator Median"},"geometry":{"type":"LineString","coordinates":[[-168.52438,-10.02387],[-168.49094,-9.91666],[-168.4575,-9.80945],[-168.42406,-9.70224],[-168.39062,-9.59503],[-168.35718,-9.48782],[-168.32374,-9.38061],[-168.2903,-9.2734],[-168.25686,-9.16619],[-168.22342,-9.05897],[-168.18998,-8.95176],[-168.15654,-8.84455],[-168.12311,-8.73734],[-168.08966,-8.63013],[-168.05623,-8.52292],[-168.02276,-8.41565],[-167.98932,-8.30844]]}},{"type":"Feature","properties":{"kind":"Marine Indicator Median"},"geometry":{"type":"LineString","coordinates":[[-176.88424,-20.43486],[-176.9243,-20.57013],[-176.95458,-20.67226],[-176.98372,-20.77071],[-177.02492,-20.90966],[-177.02865,-20.9361],[-177.03238,-20.96253],[-177.08288,-21.02763],[-177.13334,-21.09278],[-177.21493,-21.22675],[-177.27681,-21.32828],[-177.32233,-21.40306],[-177.40018,-21.53097],[-177.45214,-21.61629],[-177.49523,-21.687],[-177.57687,-21.82109],[-177.64959,-21.94046],[-177.72774,-22.06881],[-177.79778,-22.18381],[-177.85711,-22.28123]]}},{"type":"Feature","properties":{"kind":"Marine Indicator Median"},"geometry":{"type":"LineString","coordinates":[[35.11796,79.27123],[35.13045,79.45684],[35.1172,79.56875],[35.09725,79.73692],[35.08509,79.83864],[35.07087,79.93247],[35.0546,80.04041],[35.02259,80.19088],[34.98507,80.36767],[34.95831,80.49364],[34.92673,80.64221],[34.8571,80.81609],[34.78854,80.98744],[34.7341,81.12339],[34.69112,81.23063],[34.64641,81.3423]]}},{"type":"Feature","properties":{"kind":"Marine Indicator Median"},"geometry":{"type":"LineString","coordinates":[[-178.97337,-12.26136],[-179.10177,-12.34672],[-179.23015,-12.43215],[-179.35853,-12.51752],[-179.48693,-12.60289],[-179.61534,-12.68825],[-179.74371,-12.77362],[-179.87209,-12.85905],[-180.0005,-12.94441]]}},{"type":"Feature","properties":{"kind":"Marine Indicator Median"},"geometry":{"type":"LineString","coordinates":[[-172.00325,-20.05316],[-172.0013,-19.96233],[-171.99935,-19.87145],[-171.99741,-19.78056],[-171.99546,-19.68973],[-171.99351,-19.59885],[-171.99157,-19.50797],[-171.98962,-19.41714],[-171.98767,-19.32625],[-171.97032,-19.18293],[-171.95294,-19.03955],[-171.93556,-18.89617],[-171.9182,-18.75279],[-171.90085,-18.60941],[-171.88349,-18.46608],[-171.86614,-18.32275],[-171.84876,-18.17937]]}},{"type":"Feature","properties":{"kind":"Marine Indicator Median"},"geometry":{"type":"LineString","coordinates":[[-177.03787,-15.33258],[-176.98842,-15.24667],[-176.93901,-15.16081],[-176.88959,-15.07496],[-176.84018,-14.9891],[-176.79076,-14.90325],[-176.74135,-14.81734],[-176.69193,-14.73143],[-176.64249,-14.64557],[-176.46351,-14.60373],[-176.2845,-14.56188],[-176.10549,-14.52003],[-175.92648,-14.47819],[-175.74747,-14.43634],[-175.56846,-14.39449],[-175.38945,-14.35265],[-175.21044,-14.3108]]}},{"type":"Feature","properties":{"kind":"Marine Indicator Median"},"geometry":{"type":"LineString","coordinates":[[-173.95721,-14.43764],[-173.80556,-14.49403],[-173.65391,-14.55042],[-173.48209,-14.64033],[-173.33341,-14.71813],[-173.14748,-14.8155],[-172.99929,-14.89308],[-172.8678,-14.96185],[-172.77978,-15.00792],[-172.64105,-15.08058],[-172.56474,-15.14773],[-172.48843,-15.21493]]}},{"type":"Feature","properties":{"kind":"Marine Indicator Median"},"geometry":{"type":"LineString","coordinates":[[-170.8801,-6.81225],[-170.96606,-6.78559],[-171.05202,-6.75899],[-171.13799,-6.73239],[-171.22395,-6.70574],[-171.30992,-6.67908],[-171.39588,-6.65248],[-171.48184,-6.62588],[-171.56778,-6.59923],[-171.77434,-6.58263],[-171.98092,-6.56609],[-172.18747,-6.54949],[-172.39403,-6.53289],[-172.60061,-6.51629],[-172.80717,-6.4997],[-173.01372,-6.48315],[-173.2203,-6.46655],[-173.27575,-6.49515],[-173.33119,-6.5237]]}},{"type":"Feature","properties":{"kind":"Marine Indicator Median"},"geometry":{"type":"LineString","coordinates":[[-166.39156,-19.21726],[-166.40557,-19.13049],[-166.4196,-19.04376],[-166.43363,-18.95704],[-166.44763,-18.87032],[-166.46163,-18.7836],[-166.47566,-18.69683],[-166.48969,-18.61005],[-166.50369,-18.52333],[-166.5177,-18.43661],[-166.53173,-18.34984],[-166.54576,-18.26307],[-166.55976,-18.17634],[-166.57379,-18.08962],[-166.58782,-18.0029],[-166.60182,-17.91618],[-166.61585,-17.82941]]}},{"type":"Feature","properties":{"kind":"Marine Indicator Median"},"geometry":{"type":"LineString","coordinates":[[-166.61585,-17.82941],[-166.62985,-17.69365],[-166.64386,-17.55789]]}},{"type":"Feature","properties":{"kind":"Marine Indicator Median"},"geometry":{"type":"LineString","coordinates":[[-155.40443,-10.94201],[-155.38802,-10.85729],[-155.37164,-10.77257],[-155.35526,-10.68785],[-155.33885,-10.60313],[-155.32244,-10.51841],[-155.30606,-10.43369],[-155.28968,-10.34897],[-155.27327,-10.26425],[-155.25686,-10.17953],[-155.24048,-10.09481],[-155.2241,-10.01009],[-155.20769,-9.92537],[-155.19128,-9.84065],[-155.1749,-9.75593],[-155.15852,-9.67121],[-155.14211,-9.58649]]}},{"type":"Feature","properties":{"kind":"Marine Indicator Median"},"geometry":{"type":"LineString","coordinates":[[-155.8628,-7.93896],[-155.97604,-7.871],[-156.0893,-7.8031],[-156.20254,-7.73519],[-156.31578,-7.66723],[-156.42905,-7.59927],[-156.54229,-7.53137],[-156.65553,-7.46346],[-156.76879,-7.3955],[-156.88206,-7.32754],[-156.9953,-7.25964],[-157.10854,-7.19173],[-157.2218,-7.12377],[-157.33507,-7.05581],[-157.44831,-6.9879],[-157.56155,-6.92],[-157.67481,-6.85204]]}},{"type":"Feature","properties":{"kind":"Marine Indicator Median"},"geometry":{"type":"LineString","coordinates":[[-153.9174,-13.16651],[-153.77821,-13.24907],[-153.63902,-13.33157],[-153.4998,-13.41408],[-153.36061,-13.49658],[-153.22142,-13.57908],[-153.0822,-13.66159],[-152.94301,-13.74409],[-152.80382,-13.82659],[-152.68245,-13.82767],[-152.56104,-13.82876],[-152.43964,-13.82984],[-152.31826,-13.83092],[-152.19689,-13.832],[-152.07551,-13.83308],[-151.95414,-13.83416],[-151.83273,-13.8353]]}},{"type":"Feature","properties":{"kind":"Marine Indicator Median"},"geometry":{"type":"LineString","coordinates":[[-149.99774,-12.9289],[-149.92291,-12.86424],[-149.84806,-12.79952],[-149.7732,-12.7348],[-149.69838,-12.67014],[-149.62355,-12.60548],[-149.5487,-12.54076],[-149.47385,-12.47605],[-149.39902,-12.41139],[-149.25948,-12.369],[-149.11996,-12.32661],[-148.98045,-12.28423],[-148.84091,-12.24189],[-148.70139,-12.19956],[-148.56188,-12.15717],[-148.42234,-12.11479],[-148.28282,-12.0724]]}},{"type":"Feature","properties":{"kind":"Marine Indicator Median"},"geometry":{"type":"LineString","coordinates":[[-176.8904,-16.8351],[-176.82498,-16.90295],[-176.72264,-17.00913],[-176.62765,-17.10769],[-176.58202,-17.155],[-176.50541,-17.23442],[-176.4308,-17.31184],[-176.34892,-17.39683],[-176.27366,-17.4749],[-176.27585,-17.57763],[-176.27804,-17.68041],[-176.31823,-17.83244],[-176.35843,-17.98447],[-176.38636,-18.1664],[-176.40484,-18.28664],[-176.42723,-18.43218],[-176.45129,-18.58875],[-176.48778,-18.6645],[-176.52425,-18.74024]]}},{"type":"Feature","properties":{"kind":"Marine Indicator Median"},"geometry":{"type":"LineString","coordinates":[[-171.4064,-14.78014],[-171.325,-14.6114],[-171.24358,-14.44261],[-171.16216,-14.27382],[-171.08076,-14.10503],[-171.0457,-14.03993],[-171.01067,-13.97484],[-170.9756,-13.90975],[-170.94054,-13.8446],[-170.89026,-13.69138],[-170.83996,-13.53816],[-170.78965,-13.38494],[-170.73937,-13.23172]]}},{"type":"Feature","properties":{"kind":"Marine Indicator Median"},"geometry":{"type":"LineString","coordinates":[[-173.75914,-0.73095],[-173.87741,-0.80535],[-173.99571,-0.87969],[-174.11397,-0.95403],[-174.23224,-1.02842],[-174.35051,-1.10276],[-174.46877,-1.1771],[-174.58704,-1.25149],[-174.70531,-1.32583],[-174.82358,-1.40017],[-174.94185,-1.47456],[-175.06014,-1.5489],[-175.17841,-1.62324],[-175.29667,-1.69764],[-175.41497,-1.77198],[-175.53323,-1.84632],[-175.6515,-1.92071]]}},{"type":"Feature","properties":{"kind":"Marine Indicator Median"},"geometry":{"type":"LineString","coordinates":[[-160.34579,1.83784],[-160.25983,1.82362],[-160.17386,1.80946],[-160.0879,1.79529],[-160.00194,1.78113],[-159.91597,1.76696],[-159.83001,1.7528],[-159.74405,1.73863],[-159.65806,1.72446],[-159.57936,1.63753],[-159.5007,1.55059],[-159.42201,1.46365],[-159.34332,1.37677],[-159.26462,1.28989],[-159.18593,1.20295],[-159.10727,1.11602],[-159.02858,1.02908]]}},{"type":"Feature","properties":{"kind":"Marine Indicator Median"},"geometry":{"type":"LineString","coordinates":[[-157.99758,-0.1783],[-157.92476,-0.27735],[-157.85196,-0.37639],[-157.77916,-0.47544],[-157.70633,-0.57454],[-157.63351,-0.67365],[-157.56071,-0.77269],[-157.48791,-0.87174],[-157.41509,-0.97079],[-157.46539,-1.12747],[-157.5157,-1.28409],[-157.56598,-1.44072],[-157.61629,-1.5974],[-157.6666,-1.75403],[-157.71688,-1.91065],[-157.76719,-2.06733],[-157.81749,-2.22396]]}},{"type":"Feature","properties":{"kind":"Marine Indicator Median"},"geometry":{"type":"LineString","coordinates":[[-161.62208,4.74362],[-161.54749,4.84878],[-161.47288,4.95388],[-161.3983,5.05898],[-161.32372,5.16409],[-161.24911,5.26919],[-161.17453,5.37429],[-161.09994,5.47939],[-161.02534,5.5845],[-160.95073,5.6896],[-160.87614,5.7947],[-160.80156,5.8998],[-160.72695,6.0049],[-160.65237,6.11001],[-160.57778,6.21511],[-160.50317,6.32021],[-160.42859,6.42537]]}},{"type":"Feature","properties":{"kind":"Marine Indicator Median"},"geometry":{"type":"LineString","coordinates":[[-126.08763,48.09591],[-125.96914,48.15068],[-125.89734,48.18393],[-125.78362,48.21783],[-125.67614,48.24983],[-125.58222,48.28051],[-125.49999,48.30546],[-125.38102,48.33785],[-125.26111,48.39505],[-125.15362,48.44625],[-125.09694,48.46866],[-124.988,48.49977],[-124.91509,48.50356],[-124.84032,48.50537],[-124.80077,48.50202],[-124.75987,48.49426]]}},{"type":"Feature","properties":{"kind":"Marine Indicator Disputed"},"geometry":{"type":"LineString","coordinates":[[-130.62201,54.70863],[-130.62498,54.68952],[-130.63671,54.66022],[-130.65558,54.65392],[-130.74595,54.67757],[-130.89485,54.69004],[-130.95335,54.70874],[-130.99571,54.73607],[-131.07921,54.77094],[-131.15163,54.73542],[-131.21751,54.70315],[-131.23243,54.6813],[-131.32334,54.61526],[-131.39341,54.58126],[-131.44288,54.55725],[-131.56442,54.49824],[-131.63421,54.50819],[-131.73791,54.47205],[-131.84163,54.4359],[-131.94536,54.39973],[-132.04906,54.36359],[-132.13548,54.37622],[-132.2219,54.38881],[-132.30832,54.40141],[-132.39475,54.41403],[-132.45562,54.4126],[-132.51653,54.41119],[-132.57743,54.40979],[-132.63831,54.40838],[-132.71433,54.42493],[-132.79034,54.44144],[-132.86636,54.45796],[-132.94234,54.47451],[-133.0152,54.48513],[-133.08808,54.49575],[-133.16093,54.50635],[-133.23378,54.51697],[-133.38122,54.47332],[-133.52868,54.42968],[-133.67614,54.38605],[-133.82358,54.3424],[-133.913,54.32188],[-134.0024,54.30134],[-134.0918,54.28079],[-134.18122,54.26024]]}},{"type":"Feature","properties":{"kind":"Marine Indicator Median"},"geometry":{"type":"LineString","coordinates":[[-111.22546,12.99595],[-111.15437,13.04509],[-111.08325,13.09424],[-111.01212,13.14333],[-110.94103,13.19248],[-110.80619,13.2546],[-110.67135,13.31672],[-110.53651,13.37884],[-110.40165,13.44096],[-110.25748,13.47897],[-110.11329,13.51703],[-109.9691,13.55504],[-109.82491,13.59304],[-109.67588,13.6058],[-109.52685,13.61856],[-109.37784,13.63132],[-109.22881,13.64408],[-109.1778,13.6397],[-109.12677,13.63532],[-109.07573,13.631],[-109.02469,13.62662]]}},{"type":"Feature","properties":{"kind":"Marine Indicator Median"},"geometry":{"type":"LineString","coordinates":[[-87.31365,12.98184],[-87.3902,12.99503],[-87.40391,13.02931],[-87.4257,13.04726],[-87.45811,13.10094],[-87.50166,13.12327],[-87.56145,13.16939],[-87.65112,13.19561]]}},{"type":"Feature","properties":{"kind":"Marine Indicator Median"},"geometry":{"type":"LineString","coordinates":[[-63.01765,18.03341],[-63.00194,18.0333],[-62.97658,18.04671],[-62.92925,18.05044],[-62.94728,18.02616],[-62.95658,18.01362],[-62.97407,17.99005],[-62.9851,17.98237],[-63.00459,17.96885],[-63.02175,17.94177],[-63.03505,17.92074]]}},{"type":"Feature","properties":{"kind":"Marine Indicator Median"},"geometry":{"type":"LineString","coordinates":[[-63.03127,17.7474],[-63.01824,17.73151],[-62.98734,17.72086],[-62.96315,17.71259],[-62.92574,17.69977],[-62.90178,17.69156],[-62.88,17.68409],[-62.86191,17.67788]]}},{"type":"Feature","properties":{"kind":"Marine Indicator Median"},"geometry":{"type":"LineString","coordinates":[[-63.3854,17.89165],[-63.36182,17.887],[-63.33825,17.8823],[-63.31468,17.87759],[-63.29108,17.87294],[-63.26667,17.90376],[-63.25478,17.91874],[-63.23969,17.93777],[-63.2185,17.96453],[-63.2016,17.98583],[-63.18222,18.01027],[-63.16303,18.03454],[-63.14556,18.04617],[-63.10577,18.06196]]}},{"type":"Feature","properties":{"kind":"Marine Indicator Median"},"geometry":{"type":"LineString","coordinates":[[-88.0006,12.85306],[-87.95662,12.89615],[-87.91163,12.94021],[-87.86684,12.98411],[-87.79904,13.05056],[-87.73488,13.07683],[-87.66615,13.12907],[-87.65112,13.19561]]}},{"type":"Feature","properties":{"kind":"Marine Indicator Median"},"geometry":{"type":"LineString","coordinates":[[-73.83861,20.54203],[-73.88075,20.57403],[-73.917,20.60155],[-73.97247,20.64367],[-74.01951,20.67935],[-74.06092,20.71082],[-74.10977,20.74785],[-74.15429,20.7817],[-74.20038,20.81668],[-74.23004,20.86123],[-74.25966,20.90583],[-74.28264,20.95735],[-74.30789,21.01391],[-74.33227,21.06857],[-74.35609,21.12193]]}},{"type":"Feature","properties":{"kind":"Marine Indicator Median"},"geometry":{"type":"LineString","coordinates":[[-77.6077,22.71777],[-77.62603,22.71058],[-77.64435,22.70333],[-77.66268,22.69609],[-77.68104,22.68884],[-77.69939,22.6816],[-77.71772,22.67435],[-77.73605,22.66711],[-77.75438,22.65986],[-77.77271,22.65262],[-77.79103,22.64537],[-77.80936,22.63813],[-77.82772,22.63088],[-77.84607,22.62364],[-77.8644,22.6164],[-77.88273,22.60915],[-77.90105,22.60191],[-77.91782,22.60337],[-77.9346,22.60483],[-77.95139,22.60628],[-77.96815,22.60775],[-77.98491,22.6092],[-78.0017,22.61067],[-78.01848,22.61212],[-78.03524,22.61358],[-78.052,22.61504],[-78.06879,22.6165],[-78.08558,22.61796],[-78.10234,22.61942],[-78.11913,22.62088],[-78.13591,22.62234],[-78.15267,22.6238],[-78.16946,22.62526],[-78.19503,22.62748],[-78.21623,22.63434],[-78.2352,22.65116],[-78.24275,22.65786],[-78.25218,22.66624],[-78.26732,22.67976],[-78.28411,22.69468],[-78.3066,22.72117],[-78.32063,22.73772],[-78.33263,22.75188],[-78.34458,22.76594],[-78.35926,22.78319],[-78.37526,22.802],[-78.3964,22.82687],[-78.41151,22.84466],[-78.43119,22.86785]]}},{"type":"Feature","properties":{"kind":"Marine Indicator Median"},"geometry":{"type":"LineString","coordinates":[[-79.53241,26.31558],[-79.54893,26.27054],[-79.56545,26.22556],[-79.58194,26.18053],[-79.59846,26.13549],[-79.61621,26.09846],[-79.634,26.06142],[-79.65176,26.02439],[-79.66952,25.98735],[-79.67728,25.9567],[-79.68504,25.92604],[-79.69277,25.89533],[-79.70053,25.86468],[-79.70461,25.83024],[-79.70867,25.79575],[-79.71272,25.76131],[-79.7168,25.72687],[-79.71461,25.71427],[-79.71245,25.70167],[-79.71026,25.68902],[-79.70807,25.67642],[-79.7078,25.63188],[-79.70761,25.60046],[-79.70745,25.57354],[-79.70715,25.5245],[-79.70688,25.48406],[-79.70667,25.44854],[-79.7064,25.40788],[-79.70621,25.37258],[-79.70229,25.34971],[-79.69839,25.32679],[-79.69447,25.30386],[-79.69056,25.28094],[-79.69104,25.2551],[-79.6915,25.2292],[-79.69196,25.2033],[-79.69245,25.17746],[-79.6965,25.14913],[-79.70056,25.1208],[-79.70461,25.09247],[-79.70869,25.06414]]}},{"type":"Feature","properties":{"kind":"Marine Indicator Median"},"geometry":{"type":"LineString","coordinates":[[-72.74787,20.60609],[-72.7932,20.58971],[-72.83851,20.57338],[-72.88382,20.55706],[-72.92915,20.54073],[-72.96789,20.53029],[-73.00665,20.51986],[-73.04542,20.50943],[-73.08418,20.49899],[-73.13214,20.48904],[-73.18012,20.4791],[-73.2281,20.46915],[-73.27606,20.4592],[-73.29641,20.45039],[-73.31677,20.44157],[-73.33713,20.43276],[-73.35748,20.42395]]}},{"type":"Feature","properties":{"kind":"Marine Indicator Median"},"geometry":{"type":"LineString","coordinates":[[-73.66719,20.20753],[-73.69322,20.16217],[-73.7195,20.11621],[-73.74351,20.07426],[-73.77032,20.02744],[-73.79646,19.98175],[-73.81985,19.94093],[-73.85255,19.892],[-73.88526,19.84307],[-73.90278,19.80815],[-73.93073,19.75246],[-73.95585,19.7024],[-73.97623,19.66179]]}},{"type":"Feature","properties":{"kind":"Marine Indicator Median"},"geometry":{"type":"LineString","coordinates":[[-61.1152,12.34295],[-61.13775,12.36771],[-61.15754,12.3895],[-61.18519,12.41994],[-61.21152,12.44881],[-61.22644,12.46525],[-61.2522,12.49358],[-61.27359,12.51704],[-61.30784,12.55467],[-61.32719,12.56094],[-61.34652,12.56716],[-61.38385,12.55905],[-61.42121,12.55094],[-61.46384,12.54748],[-61.50647,12.54402],[-61.53391,12.55218],[-61.56135,12.56029],[-61.5989,12.57608],[-61.64639,12.59614],[-61.68992,12.61452],[-61.73127,12.63198],[-61.76636,12.6468],[-61.81846,12.66875]]}},{"type":"Feature","properties":{"kind":"Marine Indicator Median"},"geometry":{"type":"LineString","coordinates":[[-60.84877,13.43231],[-60.88086,13.44923],[-60.91295,13.46621],[-60.94501,13.48318],[-60.97709,13.50016],[-61.00918,13.51714],[-61.04124,13.53411],[-61.07333,13.55109],[-61.10542,13.56807],[-61.1354,13.57737],[-61.16538,13.58661],[-61.19536,13.59586],[-61.22534,13.60515],[-61.25531,13.6144],[-61.28529,13.62364],[-61.31527,13.63294],[-61.34525,13.64219]]}},{"type":"Feature","properties":{"kind":"Marine Indicator Median"},"geometry":{"type":"LineString","coordinates":[[-61.41375,16.83825],[-61.45773,16.82116],[-61.50382,16.80332],[-61.54702,16.78656],[-61.579,16.77099],[-61.59703,16.76212],[-61.62533,16.74839],[-61.65888,16.73206],[-61.70654,16.70881],[-61.74141,16.69184],[-61.78369,16.69249],[-61.82357,16.69308]]}},{"type":"Feature","properties":{"kind":"Marine Indicator Median"},"geometry":{"type":"LineString","coordinates":[[-62.21024,16.91659],[-62.16653,16.93954],[-62.13812,16.95047],[-62.10862,16.95702],[-62.08021,16.95702],[-62.05637,16.94583],[-62.0338,16.91702],[-62.01122,16.8882],[-61.98862,16.85938],[-61.97243,16.84333],[-61.95624,16.82732],[-61.94002,16.81132],[-61.92383,16.79532]]}},{"type":"Feature","properties":{"kind":"Marine Indicator Median"},"geometry":{"type":"LineString","coordinates":[[-62.27766,17.19264],[-62.25765,17.2087],[-62.23949,17.2233],[-62.21413,17.24373],[-62.21086,17.27639],[-62.20797,17.30542],[-62.20478,17.33721],[-62.2017,17.37203],[-62.22432,17.40733],[-62.23984,17.43156],[-62.25273,17.45172]]}},{"type":"Feature","properties":{"kind":"Marine Indicator Median"},"geometry":{"type":"LineString","coordinates":[[-62.80539,17.58121],[-62.82574,17.54888],[-62.8461,17.51649],[-62.86645,17.48411],[-62.88681,17.45178],[-62.91189,17.42485],[-62.93698,17.39787],[-62.96207,17.3709],[-62.98718,17.34397]]}},{"type":"Feature","properties":{"kind":"Marine Indicator Median"},"geometry":{"type":"LineString","coordinates":[[-72.55294,21.14064],[-72.5604,21.17735],[-72.56789,21.21406],[-72.58965,21.24276],[-72.60349,21.2812],[-72.61733,21.3197],[-72.63117,21.35819],[-72.64504,21.39663],[-72.65799,21.43799],[-72.66983,21.47557],[-72.68367,21.51963],[-72.69459,21.5545],[-72.70697,21.59397],[-72.71935,21.63344],[-72.72927,21.66507],[-72.74411,21.71237],[-72.75301,21.73276],[-72.7619,21.75319],[-72.77077,21.77363],[-72.77966,21.79401],[-72.78823,21.82121],[-72.79677,21.84846],[-72.80534,21.8757],[-72.81391,21.90295],[-72.7798,21.91869],[-72.74568,21.93442],[-72.71157,21.95015],[-72.67748,21.96589],[-72.64945,21.99097],[-72.62141,22.01606],[-72.59338,22.04114],[-72.56535,22.06623],[-72.52285,22.0964],[-72.50055,22.11219],[-72.46346,22.13846],[-72.43578,22.15814],[-72.37098,22.20409],[-72.35049,22.21859],[-72.30619,22.25005],[-72.28332,22.28519],[-72.26042,22.32039],[-72.23752,22.35559],[-72.21465,22.39073]]}},{"type":"Feature","properties":{"kind":"Marine Indicator Median"},"geometry":{"type":"LineString","coordinates":[[-87.09493,16.72676],[-87.14599,16.69557],[-87.20806,16.62599],[-87.26799,16.55873],[-87.35093,16.46585],[-87.41878,16.38978],[-87.51377,16.36885],[-87.60876,16.34798],[-87.67675,16.29441],[-87.733,16.26105],[-87.80518,16.21823],[-87.90666,16.158]]}},{"type":"Feature","properties":{"kind":"Marine Indicator Median"},"geometry":{"type":"LineString","coordinates":[[-78.80299,19.76533],[-78.84925,19.83507],[-78.8955,19.90482],[-78.94175,19.97456],[-78.98801,20.04425],[-79.09265,20.1134],[-79.19729,20.18255],[-79.30194,20.2517],[-79.40658,20.32085],[-79.45391,20.34561],[-79.50127,20.37037],[-79.54863,20.39513],[-79.596,20.41989],[-79.636,20.43065],[-79.67598,20.44136],[-79.71596,20.45206],[-79.75597,20.46282]]}},{"type":"Feature","properties":{"kind":"Marine Indicator Median"},"geometry":{"type":"LineString","coordinates":[[-68.27058,17.81563],[-68.26915,17.85402],[-68.26774,17.89241],[-68.26634,17.93079],[-68.26493,17.96912],[-68.26353,18.00746],[-68.26209,18.04584],[-68.26066,18.08423],[-68.25925,18.12262],[-68.25077,18.14257],[-68.2423,18.16252],[-68.23384,18.18247],[-68.22535,18.20242],[-68.21687,18.22237],[-68.2084,18.24232],[-68.19994,18.26221],[-68.19146,18.28216],[-68.17789,18.298],[-68.16434,18.3139],[-68.1508,18.32979],[-68.13723,18.34569],[-68.12368,18.36158],[-68.11014,18.37748],[-68.09657,18.39337],[-68.08303,18.40921],[-68.05786,18.42992],[-68.03272,18.45063],[-68.00758,18.47133],[-67.98244,18.49204],[-67.9573,18.51275],[-67.93216,18.53346],[-67.90702,18.55416],[-67.88185,18.57487],[-67.87123,18.60601]]}},{"type":"Feature","properties":{"kind":"Marine Indicator Median"},"geometry":{"type":"LineString","coordinates":[[-66.9039,44.77615],[-66.88465,44.79165],[-66.93122,44.82535],[-66.96782,44.82942],[-66.97558,44.8508],[-66.98972,44.87134],[-66.96783,44.90981],[-66.99591,44.92627],[-67.01044,44.94204],[-67.02497,44.96123],[-67.08598,45.06871],[-67.11624,45.1122],[-67.1381,45.14461],[-67.15845,45.17025],[-67.17602,45.17866]]}},{"type":"Feature","properties":{"kind":"Marine Indicator Median"},"geometry":{"type":"LineString","coordinates":[[-2.03834,49.93136],[-2.04117,49.88417],[-2.04458,49.82702],[-2.04966,49.743],[-2.06283,49.69515],[-2.08013,49.66001],[-2.10354,49.61243],[-2.12319,49.57248]]}},{"type":"Feature","properties":{"kind":"Marine Indicator Median"},"geometry":{"type":"LineString","coordinates":[[-2.09202,49.43594],[-2.05034,49.42537],[-2.00349,49.4135],[-1.97127,49.39466],[-1.93753,49.37487]]}},{"type":"Feature","properties":{"kind":"Marine Indicator Median"},"geometry":{"type":"LineString","coordinates":[[-1.93753,49.37487],[-1.89163,49.34816],[-1.84351,49.32013],[-1.81913,49.28272],[-1.81913,49.22235],[-1.85038,49.21492],[-1.85343,49.20619]]}},{"type":"Feature","properties":{"kind":"Marine Indicator Median"},"geometry":{"type":"LineString","coordinates":[[-2.00046,48.8044],[-2.05902,48.78821],[-2.18731,48.77816],[-2.26873,48.80389],[-2.3069,48.81595],[-2.39654,48.84428],[-2.45515,48.85688],[-2.57044,48.88164]]}},{"type":"Feature","properties":{"kind":"Marine Indicator Median"},"geometry":{"type":"LineString","coordinates":[[-2.15374,49.38798],[-2.21864,49.36436],[-2.28349,49.34076],[-2.38008,49.30559],[-2.49256,49.26469],[-2.53679,49.23233]]}},{"type":"Feature","properties":{"kind":"Marine Indicator Median"},"geometry":{"type":"LineString","coordinates":[[10.21721,54.75664],[10.12309,54.77154],[10.0381,54.76824]]}},{"type":"Feature","properties":{"kind":"Marine Indicator Disputed"},"geometry":{"type":"LineString","coordinates":[[-13.16576,28.4963],[-13.24989,28.39725],[-13.31866,28.29215],[-13.38754,28.18667],[-13.45293,28.06156],[-13.53184,27.97576],[-13.62196,27.87763],[-13.72831,27.76188],[-13.85223,27.66602]]}},{"type":"Feature","properties":{"kind":"Marine Indicator Median"},"geometry":{"type":"LineString","coordinates":[[-16.88939,29.39886],[-16.72541,29.37642],[-16.56143,29.35398],[-16.39745,29.3316],[-16.2335,29.30916],[-15.9792,29.29451],[-15.72488,29.27991],[-15.47056,29.26526],[-15.21623,29.25061]]}},{"type":"Feature","properties":{"kind":"Marine Indicator Disputed"},"geometry":{"type":"LineString","coordinates":[[-13.85223,27.66602],[-13.92573,27.57065],[-14.0347,27.46911],[-14.14618,27.37839],[-14.26891,27.27848],[-14.33249,27.23934],[-14.37671,27.22933]]}},{"type":"Feature","properties":{"kind":"Marine Indicator Median"},"geometry":{"type":"LineString","coordinates":[[9.26302,3.42622],[9.27086,3.48845],[9.27794,3.54521],[9.22837,3.63767],[9.21117,3.66973],[9.15311,3.73861],[9.10147,3.79991],[9.05238,3.84738],[8.99307,3.90458],[8.92414,3.9134],[8.88684,3.94643],[8.83082,3.96189],[8.74162,4.03467],[8.68052,4.08462]]}},{"type":"Feature","properties":{"kind":"Marine Indicator Median"},"geometry":{"type":"LineString","coordinates":[[54.51321,-12.78254],[54.68168,-12.84466],[54.85014,-12.90684],[55.01861,-12.96901],[55.18708,-13.03119],[55.35554,-13.09336],[55.52401,-13.15548],[55.69248,-13.21761],[55.86094,-13.27978]]}},{"type":"Feature","properties":{"kind":"Marine Indicator Median"},"geometry":{"type":"LineString","coordinates":[[57.13282,-14.65611],[57.12596,-14.7936],[57.11915,-14.93103],[57.11233,-15.06847],[57.10552,-15.20596],[57.09871,-15.34344],[57.09184,-15.48088],[57.08498,-15.61831],[57.07816,-15.7558],[57.06411,-15.85393],[57.0501,-15.95211],[57.0361,-16.05029],[57.02204,-16.14847],[57.00799,-16.24665],[56.99398,-16.34484],[56.97998,-16.44302],[56.96592,-16.5412]]}},{"type":"Feature","properties":{"kind":"Marine Indicator Median"},"geometry":{"type":"LineString","coordinates":[[42.96902,-17.89299],[43.02941,-17.76421],[43.0911,-17.63277],[43.15781,-17.49069],[43.21323,-17.37251],[43.29271,-17.20323],[43.33537,-17.11229],[43.40111,-16.97226],[43.45744,-16.85207],[43.38051,-16.73389],[43.30358,-16.6157],[43.22659,-16.49752],[43.14965,-16.37933]]}},{"type":"Feature","properties":{"kind":"Marine Indicator Median"},"geometry":{"type":"LineString","coordinates":[[46.58543,-13.11894],[46.56083,-13.19409],[46.53623,-13.26924],[46.48428,-13.40348],[46.43351,-13.53448],[46.39296,-13.63931],[46.33084,-13.79972],[46.20157,-13.90693],[46.06765,-14.01809],[45.97271,-14.09686],[45.80446,-14.23652],[45.69033,-14.28734],[45.57625,-14.3381]]}},{"type":"Feature","properties":{"kind":"Marine Indicator Median"},"geometry":{"type":"LineString","coordinates":[[44.32427,-13.10656],[44.42272,-13.01021],[44.52112,-12.91392],[44.56691,-12.85169],[44.61271,-12.78946],[44.69213,-12.64873],[44.77155,-12.50795],[44.83259,-12.40858],[44.89363,-12.3092],[44.99111,-12.18929],[45.08859,-12.06932],[45.14563,-12.00741],[45.20266,-11.94551]]}},{"type":"Feature","properties":{"kind":"Marine Indicator Median"},"geometry":{"type":"LineString","coordinates":[[46.3942,-12.33045],[46.33446,-12.23449],[46.27477,-12.13857],[46.21509,-12.04266],[46.1554,-11.94675],[46.09571,-11.85084],[46.03597,-11.75488],[45.97623,-11.65891],[45.91654,-11.563]]}},{"type":"Feature","properties":{"kind":"Marine Indicator Median"},"geometry":{"type":"LineString","coordinates":[[48.13012,-11.69621],[48.03665,-11.84641],[47.94311,-11.99654],[47.83114,-12.19372],[47.71918,-12.39084],[47.63797,-12.44226],[47.55682,-12.49367],[47.43252,-12.55347],[47.30817,-12.61327]]}},{"type":"Feature","properties":{"kind":"Marine Indicator Median"},"geometry":{"type":"LineString","coordinates":[[40.38022,-21.6882],[40.30199,-21.73566],[40.2237,-21.78313],[40.14542,-21.8306],[40.06713,-21.87807],[39.95684,-21.9496],[39.84655,-22.02113],[39.73625,-22.0926],[39.62596,-22.16413]]}},{"type":"Feature","properties":{"kind":"Marine Indicator Median"},"geometry":{"type":"LineString","coordinates":[[55.5052,-18.28653],[55.35711,-18.31113],[55.20903,-18.33573],[55.06094,-18.36038],[54.91286,-18.38498],[54.76477,-18.40958],[54.61669,-18.43424],[54.4686,-18.45883],[54.32052,-18.48343]]}},{"type":"Feature","properties":{"kind":"Marine Indicator Median"},"geometry":{"type":"LineString","coordinates":[[53.87551,-10.35378],[53.87913,-10.26436],[53.8827,-10.17493],[53.88632,-10.08551],[53.88995,-9.99603],[53.89352,-9.90655],[53.89714,-9.81713],[53.90076,-9.72771],[53.90433,-9.63828],[53.97472,-9.55437],[54.04511,-9.47046],[54.11551,-9.38655],[54.18595,-9.30259],[54.2564,-9.21863],[54.32679,-9.13472],[54.39719,-9.05081],[54.46758,-8.9669]]}},{"type":"Feature","properties":{"kind":"Marine Indicator Median"},"geometry":{"type":"LineString","coordinates":[[55.93317,-8.81487],[56.09796,-8.79714],[56.26275,-8.7794],[56.42755,-8.76167],[56.59228,-8.74388],[56.75702,-8.7261],[56.92181,-8.70836],[57.0866,-8.69063],[57.25139,-8.6729]]}},{"type":"Feature","properties":{"kind":"Marine Indicator Median"},"geometry":{"type":"LineString","coordinates":[[45.51592,-10.91654],[45.43255,-10.8582],[45.34913,-10.79982],[45.2657,-10.74148],[45.18234,-10.68314],[45.09897,-10.62481],[45.01555,-10.56647],[44.93212,-10.50813],[44.84875,-10.4498],[44.77642,-10.34329],[44.70413,-10.23678],[44.63184,-10.13027],[44.55951,-10.02376],[44.48722,-9.91726],[44.41494,-9.81075],[44.3426,-9.70424],[44.27031,-9.59768]]}},{"type":"Feature","properties":{"kind":"Marine Indicator Median"},"geometry":{"type":"LineString","coordinates":[[48.71976,-10.83842],[48.80891,-10.76905],[48.89801,-10.69969],[48.98711,-10.63038],[49.07621,-10.56101],[49.16531,-10.49164],[49.25446,-10.42233],[49.34362,-10.35297],[49.43272,-10.2836],[49.52857,-10.38357],[49.62443,-10.48353],[49.72029,-10.58356],[49.81614,-10.68352],[49.912,-10.78349],[50.00786,-10.88351],[50.10372,-10.98347],[50.19957,-11.08344]]}},{"type":"Feature","properties":{"kind":"Marine Indicator Disputed"},"geometry":{"type":"LineString","coordinates":[[28.2065,36.5614],[28.12124,36.52304],[28.00143,36.46922],[27.95969,36.46986],[27.93055,36.53718],[27.89438,36.69726],[27.81356,36.70913],[27.77355,36.69359],[27.73251,36.65674],[27.64092,36.57453],[27.58848,36.5647],[27.46781,36.54212],[27.35049,36.58635],[27.29686,36.63311],[27.24955,36.70289],[27.24647,36.72657],[27.34989,36.80753],[27.38368,36.85667],[27.39298,36.90463],[27.28626,36.93893],[27.21705,36.94453],[27.16234,37.06039],[27.15688,37.20772],[27.1531,37.31077],[27.12633,37.39762],[27.10806,37.4572],[27.05335,37.56439],[27.00393,37.6407],[26.99414,37.67976],[27.01658,37.69352],[27.08557,37.69887],[27.16418,37.72434],[27.15986,37.7904],[27.06713,37.88572],[27.05335,37.91311],[26.91829,37.96425],[26.91829,37.96425],[26.84887,37.98052],[26.7794,37.9968],[26.70992,38.01307],[26.64051,38.02934],[26.57103,38.04562],[26.50156,38.06189],[26.43214,38.07817],[26.36266,38.09444],[26.36266,38.09444],[26.27843,38.13739],[26.22107,38.16667],[26.19393,38.24077],[26.22231,38.3111],[26.21242,38.38285],[26.24161,38.44505],[26.31471,38.45316],[26.31958,38.49801],[26.31222,38.53658],[26.21426,38.65188],[26.22491,38.69491],[26.25221,38.72789],[26.29406,38.74968],[26.3837,38.76287],[26.45041,38.77274],[26.52935,38.78969],[26.61807,38.80886],[26.64607,38.90912],[26.69911,38.97948],[26.70344,39.03185],[26.67354,39.12149],[26.58547,39.22124],[26.57882,39.23035],[26.57882,39.23035],[26.54168,39.28114],[26.50453,39.33196],[26.46739,39.38278],[26.43025,39.43358],[26.31795,39.42425],[26.20561,39.41492],[26.09326,39.4056],[25.98091,39.39627],[25.98091,39.39627],[25.95409,39.41809],[25.92787,39.46658],[25.92777,39.51216],[25.9276,39.57444],[25.92739,39.64365],[25.92722,39.71401],[25.90506,39.79265],[25.88992,39.84661],[25.89116,39.89018],[25.7566,39.94376],[25.71859,39.9662],[25.69675,39.99172],[25.62516,40.11569],[25.62019,40.14315],[25.62711,40.17486],[25.66506,40.21906],[25.66506,40.21906],[25.76097,40.25707],[25.85689,40.29508],[25.9528,40.33308],[26.04871,40.37109],[26.01119,40.45876],[25.97361,40.54642],[25.93604,40.63409],[25.89852,40.72176],[25.89852,40.72176],[25.89852,40.73111],[26.02152,40.74225],[26.04882,40.7403]]}},{"type":"Feature","properties":{"kind":"Marine Indicator Median"},"geometry":{"type":"LineString","coordinates":[[15.02473,36.17278],[14.92412,36.21717],[14.8235,36.26155],[14.72289,36.30594],[14.62227,36.3503],[14.5714,36.36839],[14.52052,36.38644],[14.46965,36.4045],[14.41877,36.42256],[14.29891,36.45078],[14.17905,36.47903],[14.05919,36.50728],[13.93932,36.5355]]}},{"type":"Feature","properties":{"kind":"Marine Indicator Disputed"},"geometry":{"type":"LineString","coordinates":[[29.61803,35.95136],[29.61826,36.02479],[29.619,36.08495],[29.62398,36.13228],[29.60857,36.15656],[29.61354,36.17464],[29.56732,36.17464],[29.54439,36.15904],[29.51515,36.18462],[29.484,36.18648],[29.43697,36.14812],[29.39869,36.11685],[29.34329,36.09145],[29.28079,36.07062],[29.1933,36.07895]]}},{"type":"Feature","properties":{"kind":"Marine Indicator Disputed"},"geometry":{"type":"LineString","coordinates":[[28.57079,36.40269],[28.53338,36.47235],[28.48077,36.52274],[28.44109,36.56083],[28.3548,36.57329],[28.28122,36.57453],[28.2065,36.5614]]}},{"type":"Feature","properties":{"kind":"Marine Indicator Median"},"geometry":{"type":"LineString","coordinates":[[51.90003,11.6134],[51.84142,11.72326],[51.78281,11.83306],[51.72421,11.94287],[51.6656,12.05273],[51.60699,12.16254],[51.54839,12.27234],[51.48978,12.3822],[51.43123,12.49201]]}},{"type":"Feature","properties":{"kind":"Marine Indicator Median"},"geometry":{"type":"LineString","coordinates":[[9.45993,43.34667],[9.47285,43.32553],[9.54767,43.25011],[9.62736,43.16966],[9.63542,43.04272],[9.67164,42.95205],[9.70468,42.86949],[9.7788,42.78537],[9.79405,42.66137],[9.80681,42.55738]]}},{"type":"Feature","properties":{"kind":"Marine Indicator Median"},"geometry":{"type":"LineString","coordinates":[[168.38267,0.29125],[168.40954,0.476],[168.43641,0.66079],[168.46323,0.84553],[168.4901,1.03027],[168.51697,1.21506],[168.54378,1.3998],[168.57065,1.58455],[168.59752,1.76934],[168.38986,1.84092],[168.1822,1.91245],[167.97453,1.98398],[167.76687,2.05556],[167.5592,2.12714],[167.35154,2.19867],[167.14382,2.2702],[166.93616,2.34178]]}},{"type":"Feature","properties":{"kind":"Marine Indicator Median"},"geometry":{"type":"LineString","coordinates":[[124.91944,-8.96209],[124.92517,-8.92132],[124.89835,-8.85688],[124.87175,-8.81303],[124.83434,-8.75816],[124.81996,-8.70966],[124.89057,-8.62872],[125.01573,-8.53654],[125.2155,-8.45128],[125.31098,-8.41057],[125.33228,-8.26406],[125.33779,-8.22567],[125.32968,-8.06228],[125.34828,-8.00379],[125.3778,-7.98194],[125.45166,-7.97389],[125.53329,-7.99249],[125.60731,-8.03303],[125.78361,-8.16198],[125.84395,-8.24811],[126.01653,-8.22064],[126.17742,-8.19507],[126.43553,-8.19507],[126.58778,-8.19507],[126.75927,-8.1589],[126.87627,-8.12273],[127.05631,-8.20312],[127.22823,-8.22816],[127.39151,-8.23124],[127.48602,-8.34212],[127.54473,-8.42182],[127.63524,-8.5446],[127.71136,-8.64792],[127.81873,-8.79368]]}},{"type":"Feature","properties":{"kind":"Marine Indicator Median"},"geometry":{"type":"LineString","coordinates":[[71.83512,-2.77905],[72.02602,-2.82976],[72.21692,-2.88047],[72.40783,-2.93119],[72.59873,-2.98195],[72.86689,-3.03467],[73.13511,-3.08743],[73.40333,-3.1402],[73.67149,-3.19297]]}},{"type":"Feature","properties":{"kind":"Marine Indicator Median"},"geometry":{"type":"LineString","coordinates":[[129.76524,3.52526],[129.78313,3.4366],[129.80108,3.34798],[129.81898,3.25937],[129.83687,3.17071],[129.85477,3.08204],[129.87266,2.99337],[129.89056,2.90471],[129.90846,2.81609],[129.92635,2.72748],[129.94425,2.63881],[129.96214,2.55015],[129.98004,2.46148],[129.99793,2.37281],[130.01583,2.2842],[130.03372,2.19559],[130.05162,2.10692],[130.05162,2.10692],[130.08633,2.04864],[130.12098,1.99036],[130.12098,1.99036],[130.19565,1.99371],[130.27026,1.99706],[130.34487,2.00041],[130.41948,2.00377],[130.49409,2.00712],[130.5687,2.01047],[130.64331,2.01382],[130.71792,2.01717],[130.79253,2.02053],[130.86714,2.02388],[130.94175,2.02723],[131.01641,2.03058],[131.09107,2.03393],[131.16568,2.03729],[131.24029,2.04064],[131.3149,2.04399],[131.40768,2.01928],[131.50051,1.99457],[131.59334,1.96981],[131.68612,1.94511],[131.77894,1.9204],[131.87177,1.89563],[131.96455,1.87093],[132.05738,1.84622],[132.15021,1.82151],[132.24299,1.7968],[132.33581,1.77204],[132.42864,1.74734],[132.52142,1.72263],[132.61425,1.69786],[132.70708,1.67316],[132.79986,1.64845],[132.79986,1.64845],[132.86279,1.73009],[132.92572,1.81167],[132.92572,1.81167],[132.98346,1.8818],[133.0412,1.95186],[133.09894,2.02193],[133.15668,2.092],[133.21443,2.16207],[133.27217,2.23214],[133.32991,2.3022],[133.38765,2.37227],[133.44539,2.44234],[133.50313,2.51241],[133.56088,2.58248],[133.61862,2.65255],[133.67636,2.72261],[133.7341,2.79268],[133.79184,2.86275],[133.84958,2.93287]]}},{"type":"Feature","properties":{"kind":"Marine Indicator Median"},"geometry":{"type":"LineString","coordinates":[[152.25182,0.4096],[152.338,0.27736],[152.40379,0.17647],[152.46602,0.08099],[152.54582,-0.04141],[152.59372,-0.11494],[152.68023,-0.24767],[152.79733,-0.33731],[152.91444,-0.42695],[152.99364,-0.4709],[153.12237,-0.54238],[153.32436,-0.65451],[153.41719,-0.70598],[153.52018,-0.76318],[153.73731,-0.88363],[153.91994,-0.98495],[154.1761,-1.0056],[154.44534,-1.02728],[154.60938,-1.04053],[154.74221,-1.05118],[154.97075,-1.06962]]}},{"type":"Feature","properties":{"kind":"Marine Indicator Median"},"geometry":{"type":"LineString","coordinates":[[136.35496,6.88692],[136.32911,6.97835],[136.30327,7.06977],[136.27743,7.16119],[136.25159,7.25262],[136.22574,7.34404],[136.1999,7.43547],[136.17406,7.52684],[136.14821,7.61826],[136.14821,7.61826],[136.13351,7.74191],[136.11885,7.8655],[136.11372,7.8974],[136.11372,7.8974],[136.08977,8.0484],[136.06582,8.19941],[136.04181,8.35041],[136.01786,8.50141],[135.99391,8.65242],[135.96991,8.80342],[135.94595,8.95442],[135.922,9.10543],[135.8974,9.26038],[135.8728,9.41538],[135.84815,9.57039],[135.82355,9.72534],[135.79895,9.88034],[135.7743,10.03535],[135.7497,10.1903],[135.7251,10.3453]]}},{"type":"Feature","properties":{"kind":"Marine Indicator Median"},"geometry":{"type":"LineString","coordinates":[[166.53202,-18.61178],[166.41995,-18.55594],[166.33836,-18.51528],[166.2165,-18.44645],[166.07788,-18.36817],[165.98797,-18.32405],[165.84183,-18.25236],[165.76451,-18.12677],[165.71186,-18.04118],[165.64525,-17.94651],[165.57031,-17.84006],[165.51408,-17.77183],[165.43201,-17.6724],[165.32205,-17.55654],[165.23035,-17.45993],[165.17358,-17.34601]]}},{"type":"Feature","properties":{"kind":"Marine Indicator Median"},"geometry":{"type":"LineString","coordinates":[[166.20947,-12.30537],[166.35285,-12.33548],[166.48655,-12.36354],[166.67151,-12.4023],[166.78613,-12.42636],[167.03288,-12.44561],[167.22979,-12.43393],[167.41901,-12.40901],[167.59721,-12.36976],[167.80639,-12.30115],[167.89798,-12.40576],[167.98486,-12.50492],[168.07785,-12.6111],[168.13267,-12.67371],[168.23832,-12.79444]]}},{"type":"Feature","properties":{"kind":"Marine Indicator Median"},"geometry":{"type":"LineString","coordinates":[[178.74932,-4.16138],[178.64633,-4.17544],[178.52155,-4.19241],[178.39076,-4.21026],[178.17083,-4.24026],[178.03215,-4.25913],[177.88839,-4.2787],[177.67353,-4.30801],[177.55811,-4.32374],[177.31498,-4.35688],[177.13094,-4.31406],[176.94685,-4.27124],[176.76275,-4.22842],[176.57872,-4.18566],[176.47026,-4.15808],[176.36186,-4.13051],[176.25346,-4.10294],[176.14501,-4.07536],[175.93713,-4.08147],[175.72925,-4.08753],[175.52137,-4.09364],[175.31349,-4.09975]]}},{"type":"Feature","properties":{"kind":"Marine Indicator Median"},"geometry":{"type":"LineString","coordinates":[[172.99799,4.75741],[172.86812,4.71486],[172.7382,4.67231],[172.60829,4.62981],[172.47842,4.58726],[172.29309,4.54985],[172.17425,4.5259],[171.98892,4.48849],[171.87008,4.46459],[171.69302,4.42891],[171.56591,4.40328],[171.40799,4.37144],[171.26174,4.34197],[171.15069,4.30596],[171.03964,4.27001],[170.92859,4.23406],[170.81754,4.19805],[170.78889,4.1143],[170.73769,3.96503],[170.68195,3.80262],[170.65784,3.73206],[170.61988,3.62139],[170.57798,3.4991],[170.53738,3.38059],[170.49813,3.26608]]}},{"type":"Feature","properties":{"kind":"Marine Indicator Median"},"geometry":{"type":"LineString","coordinates":[[158.5651,9.27254],[158.6462,9.20166],[158.77255,9.09126],[158.87262,9.00384],[158.98,8.91004],[159.04055,8.85716],[159.13895,8.7712],[159.18744,8.72881],[159.28665,8.64209],[159.39489,8.54753],[159.54417,8.50033],[159.69344,8.45313],[159.84266,8.40593],[159.99193,8.35873]]}},{"type":"Feature","properties":{"kind":"Marine Indicator Median"},"geometry":{"type":"LineString","coordinates":[[164.66883,6.93185],[164.77458,6.85189],[164.88039,6.77193],[164.98619,6.69196],[165.09195,6.612],[165.1977,6.53204],[165.3035,6.45208],[165.40931,6.37211],[165.51506,6.29215],[165.52338,6.15023],[165.53176,6.00826],[165.54014,5.86634],[165.54847,5.72441],[165.55685,5.58244],[165.56523,5.44052],[165.57356,5.2986],[165.58194,5.15662]]}},{"type":"Feature","properties":{"kind":"Marine Indicator Median"},"geometry":{"type":"LineString","coordinates":[[168.54984,17.29039],[168.35629,17.20037],[168.16279,17.11035],[167.96929,17.02034],[167.77573,16.93032],[167.58224,16.8403],[167.38874,16.75028],[167.19518,16.66026],[167.00169,16.57024]]}},{"type":"Feature","properties":{"kind":"Marine Indicator Median"},"geometry":{"type":"LineString","coordinates":[[176.08651,-9.82637],[176.22978,-9.83135],[176.22978,-9.83135],[176.46129,-9.90001],[176.61716,-9.94624],[176.70761,-9.97311],[176.82531,-10.00798],[176.98907,-10.05658],[177.18544,-10.11486],[177.25091,-10.20986],[177.31638,-10.3048],[177.31638,-10.3048],[177.38391,-10.39627],[177.45144,-10.48781],[177.51896,-10.57934],[177.58649,-10.67082],[177.65402,-10.76229],[177.72154,-10.85383],[177.78907,-10.94536],[177.8566,-11.03684]]}},{"type":"Feature","properties":{"kind":"Marine Indicator Median"},"geometry":{"type":"LineString","coordinates":[[169.23268,-32.09112],[169.36087,-32.01603],[169.54593,-31.90752],[169.66715,-31.83653],[169.83075,-31.74062],[170.02489,-31.62676],[170.20363,-31.52203],[170.29992,-31.46564],[170.45358,-31.37557],[170.58279,-31.29983],[170.76586,-31.18272]]}},{"type":"Feature","properties":{"kind":"Marine Indicator Median"},"geometry":{"type":"LineString","coordinates":[[161.06896,-51.48416],[161.13125,-51.532],[161.19358,-51.5799],[161.25592,-51.62781],[161.3182,-51.67571],[161.38054,-51.72361],[161.44288,-51.77146],[161.50516,-51.8193],[161.5675,-51.86721],[161.62983,-51.91511],[161.69212,-51.96296],[161.75445,-52.0108],[161.81679,-52.0587],[161.87907,-52.10661],[161.94141,-52.15445],[162.00375,-52.2023],[162.06603,-52.2502],[162.13577,-52.30097],[162.20552,-52.35174],[162.27526,-52.40245],[162.34506,-52.45322],[162.41486,-52.50398],[162.4846,-52.5547],[162.55435,-52.60546],[162.62409,-52.65623],[162.69384,-52.707],[162.76358,-52.75776],[162.83332,-52.80848],[162.90312,-52.85925],[162.97292,-52.91001],[163.04266,-52.96073],[163.11241,-53.01149],[163.18215,-53.06226]]}},{"type":"Feature","properties":{"kind":"Marine Indicator Median"},"geometry":{"type":"LineString","coordinates":[[142.29289,22.1365],[142.41803,22.19248],[142.54312,22.24847],[142.66821,22.30447],[142.79336,22.3605],[142.91851,22.41653],[143.0436,22.47252],[143.16869,22.52852],[143.29382,22.5845],[143.41896,22.64048],[143.54405,22.69647],[143.66914,22.75246],[143.79428,22.80844],[143.91941,22.86442],[144.0445,22.92041],[144.16959,22.97641],[144.29474,23.03244]]}},{"type":"Feature","properties":{"kind":"Marine Indicator Median"},"geometry":{"type":"LineString","coordinates":[[144.94006,11.22354],[144.74169,11.18726],[144.56695,11.15536],[144.36237,11.11795],[144.19385,11.08713],[144.0349,11.05804],[143.82075,11.0189],[143.64466,10.98668],[143.44764,10.95067],[143.34871,10.95251],[143.24982,10.9544],[143.15094,10.95629],[143.052,10.95813],[142.93132,11.09746],[142.85315,11.18769],[142.76675,11.28739],[142.65435,11.4172],[142.54243,11.54636],[142.45555,11.6467],[142.3604,11.75662],[142.2567,11.87626]]}},{"type":"Feature","properties":{"kind":"Marine Indicator Median"},"geometry":{"type":"LineString","coordinates":[[103.37959,1.24994],[103.44739,1.21436],[103.47345,1.1889],[103.52849,1.13521],[103.55779,1.1624],[103.61132,1.21193],[103.65111,1.19565],[103.66971,1.17884]]}},{"type":"Feature","properties":{"kind":"Marine Indicator Median"},"geometry":{"type":"LineString","coordinates":[[104.03227,1.26978],[104.06027,1.27226],[104.11434,1.26518],[104.18359,1.25615],[104.28388,1.25788],[104.35547,1.29843],[104.42721,1.33898],[104.49139,1.39802]]}},{"type":"Feature","properties":{"kind":"Marine Indicator Median"},"geometry":{"type":"LineString","coordinates":[[97.62631,9.62337],[97.65891,9.61602],[97.69152,9.60872],[97.72406,9.60142],[97.75666,9.59407],[97.78072,9.59093],[97.80473,9.5878],[97.82873,9.58466],[97.85274,9.58158],[97.87404,9.57049],[97.89529,9.55947],[97.91653,9.54844],[97.93784,9.53741],[97.93784,9.53741],[97.95335,9.53124],[97.96887,9.52508],[97.98439,9.51892],[97.9999,9.51281],[98.01542,9.5067],[98.03094,9.50053],[98.04645,9.49437],[98.06197,9.48821],[98.07489,9.48951],[98.08781,9.4908],[98.10079,9.4921],[98.11371,9.49345],[98.12663,9.4948],[98.13961,9.4961],[98.15253,9.4974],[98.16545,9.4987],[98.17021,9.50302],[98.17497,9.50729],[98.17972,9.51156],[98.18448,9.51589],[98.18924,9.52022],[98.194,9.52449],[98.19875,9.52876],[98.20346,9.53308],[98.21076,9.55428],[98.21811,9.57547],[98.22541,9.59666],[98.23271,9.6178],[98.24001,9.63894],[98.2473,9.66014],[98.25466,9.68133],[98.26196,9.70252],[98.26926,9.71982],[98.27655,9.73707],[98.28385,9.75432],[98.29115,9.77162],[98.29845,9.78892],[98.30575,9.80622],[98.31305,9.82352],[98.32035,9.84077],[98.32905,9.85239],[98.3377,9.86396],[98.34635,9.87553],[98.355,9.8871],[98.36365,9.89867],[98.3723,9.91029],[98.38095,9.92192],[98.3896,9.93349],[98.3896,9.93349],[98.41074,9.94809],[98.43507,9.96474],[98.46,9.95949],[98.48854,9.95165],[98.51244,9.97025],[98.57407,9.97739],[98.61798,10.05059],[98.63928,10.09282],[98.66296,10.14321],[98.68372,10.18468],[98.70448,10.21722],[98.71324,10.2528],[98.71627,10.28832],[98.73108,10.31794],[98.74784,10.35055]]}},{"type":"Feature","properties":{"kind":"Marine Indicator Median"},"geometry":{"type":"LineString","coordinates":[[99.65202,6.47527],[99.70933,6.469],[99.73864,6.47397],[99.78351,6.52761],[99.80335,6.53442],[99.88661,6.50171],[99.95727,6.47397],[99.97966,6.45716],[100.01458,6.39617],[100.04702,6.38433],[100.07308,6.38433],[100.09179,6.39298],[100.11109,6.41174],[100.12747,6.44218]]}},{"type":"Feature","properties":{"kind":"Marine Indicator Median"},"geometry":{"type":"LineString","coordinates":[[102.7267,11.35124],[102.73762,11.3754],[102.7486,11.39952],[102.75957,11.42363],[102.7705,11.44774],[102.76877,11.48402],[102.76704,11.5203],[102.76531,11.55663],[102.76363,11.59291],[102.80023,11.60291],[102.83678,11.61286],[102.87333,11.6228],[102.90988,11.63275]]}},{"type":"Feature","properties":{"kind":"Marine Indicator Median"},"geometry":{"type":"LineString","coordinates":[[103.5579,10.15532],[103.57034,10.17646],[103.58277,10.19754],[103.59521,10.21863],[103.60764,10.23971],[103.62007,10.2608],[103.63251,10.28188],[103.64494,10.30297],[103.65738,10.32405],[103.67868,10.33249],[103.69998,10.34092],[103.72128,10.34936],[103.74264,10.35774],[103.764,10.36612],[103.7853,10.37455],[103.8066,10.38298],[103.8279,10.39142],[103.8279,10.39142],[103.87472,10.41937],[103.89278,10.43678],[103.8951,10.46408],[103.8971,10.48852],[103.90597,10.50036],[103.94576,10.5122],[103.97766,10.50885],[104.01107,10.50533],[104.04557,10.49274],[104.08709,10.47749],[104.13007,10.4617],[104.14245,10.42808],[104.15705,10.40732],[104.18051,10.37396],[104.21922,10.36958],[104.21922,10.36958],[104.24604,10.37423],[104.27291,10.37888],[104.29978,10.38353],[104.3266,10.38823],[104.35347,10.39293],[104.38034,10.39758],[104.40715,10.40223],[104.43402,10.40688]]}},{"type":"Feature","properties":{"kind":"Marine Indicator Median"},"geometry":{"type":"LineString","coordinates":[[116.67581,7.59269],[116.78794,7.59458],[116.87683,7.58858],[116.94809,7.58377],[117.04605,7.57712],[117.08,7.60269],[117.13753,7.57766],[117.16678,7.5649],[117.23333,7.53603],[117.27626,7.49737],[117.30232,7.44444],[117.35222,7.45893],[117.41645,7.47748],[117.47062,7.46715],[117.54421,7.45304]]}},{"type":"Feature","properties":{"kind":"Marine Indicator Median"},"geometry":{"type":"LineString","coordinates":[[119.34479,5.71409],[119.39491,5.65273],[119.44503,5.59136],[119.47471,5.56119],[119.52537,5.50978],[119.54991,5.48485],[119.60576,5.42825],[119.58592,5.36888],[119.56062,5.2933],[119.5431,5.24086],[119.51553,5.15841],[119.45087,5.11802],[119.40767,5.09115],[119.34744,5.05358],[119.29981,5.02389],[119.2498,4.97096],[119.19979,4.91803],[119.13588,4.90273],[119.07198,4.88749],[119.0324,4.88468],[118.99283,4.88192],[118.93087,4.84424],[118.86886,4.8065],[118.87918,4.77503],[118.88956,4.74362],[118.93779,4.68604],[118.98607,4.62841],[119.00505,4.5957],[119.02408,4.56299],[119.03586,4.52158],[119.04765,4.48016],[119.06106,4.39733],[119.07452,4.31451]]}},{"type":"Feature","properties":{"kind":"Marine Indicator Median"},"geometry":{"type":"LineString","coordinates":[[125.05622,4.98345],[125.13846,4.99994],[125.22069,5.01649],[125.30292,5.03298],[125.38516,5.04947],[125.43435,5.07672],[125.4835,5.10396],[125.53265,5.13121],[125.58184,5.15841],[125.65629,5.20918],[125.73074,5.26],[125.80519,5.31082],[125.87963,5.36158]]}},{"type":"Feature","properties":{"kind":"Marine Indicator Disputed"},"geometry":{"type":"LineString","coordinates":[[124.09495,38.12739],[124.22378,38.10874],[124.339,38.09209],[124.43096,38.07879],[124.61997,38.05143],[124.79071,38.01158],[124.85445,37.97536],[124.8631,37.89072],[124.86516,37.80495],[124.86737,37.71228],[124.86992,37.60739],[124.88678,37.49743],[124.90852,37.35583],[124.92923,37.22051],[124.94647,37.10835],[125.09699,37.16452],[125.20793,37.20591],[125.32379,37.24921],[125.41495,37.28322],[125.51891,37.32204],[125.54724,37.42571],[125.56946,37.50727],[125.59179,37.58896],[125.61742,37.68257],[125.66208,37.69379],[125.7967,37.67952],[125.85963,37.68257],[125.98987,37.70139],[126.10638,37.71817],[126.16185,37.71817],[126.17742,37.72247],[126.19289,37.81782],[126.23279,37.83341],[126.2888,37.83344],[126.39163,37.8452],[126.4205,37.84147],[126.4796,37.80535],[126.50674,37.7936],[126.53112,37.7817],[126.56637,37.77351],[126.6133,37.7657],[126.66201,37.7854],[126.6719,37.80084],[126.66736,37.82771]]}},{"type":"Feature","properties":{"kind":"Marine Indicator Median"},"geometry":{"type":"LineString","coordinates":[[142.3764,45.63946],[142.21572,45.67058],[142.09596,45.6938],[141.96864,45.71845],[141.84894,45.74165],[141.742,45.76232],[141.62057,45.78582],[141.49157,45.84696],[141.35143,45.80893],[141.218,45.82858],[141.10836,45.84475],[140.9606,45.86654],[140.82198,45.887],[140.71466,45.90281],[140.57939,45.92282]]}},{"type":"Feature","properties":{"kind":"Marine Indicator 200 mi nl"},"geometry":{"type":"LineString","coordinates":[[178.24479,29.96941],[178.19299,29.8716],[178.14033,29.77196],[178.07724,29.63177],[178.01577,29.47298],[177.95921,29.29727],[177.90277,29.06749],[177.87401,28.90362],[177.85292,28.71488],[177.84303,28.50997],[177.85173,28.24273],[177.86914,28.07648],[177.89953,27.8939],[177.93651,27.73009],[177.96375,27.63742],[177.99836,27.52021],[178.05556,27.36136],[178.13157,27.19625],[178.20489,27.03686]]}},{"type":"Feature","properties":{"kind":"Marine Indicator 200 mi nl"},"geometry":{"type":"LineString","coordinates":[[162.95778,-29.58126],[162.95589,-29.37084],[162.9421,-29.19205],[162.91172,-29.00617],[162.88674,-28.853],[162.83321,-28.64583],[162.79029,-28.5131],[162.71795,-28.3243],[162.63317,-28.13864],[162.53688,-27.95926],[162.43843,-27.79863],[162.31214,-27.61859],[162.17919,-27.45175],[162.01921,-27.27544],[161.89281,-27.15082],[161.75537,-27.03501],[161.60626,-26.90926]]}},{"type":"Feature","properties":{"kind":"Marine Indicator 200 mi nl"},"geometry":{"type":"LineString","coordinates":[[167.63576,-6.47337],[167.76314,-6.50689],[167.92236,-6.54879],[168.05725,-6.58425],[168.20896,-6.62415],[168.30152,-6.66649],[168.47458,-6.74564],[168.61245,-6.80868],[168.74015,-6.86712],[168.81973,-6.92173],[168.9803,-7.03181],[169.08497,-7.10355],[169.22046,-7.19643],[169.28361,-7.25531],[169.34676,-7.31413]]}},{"type":"Feature","properties":{"kind":"Marine Indicator 200 mi nl"},"geometry":{"type":"LineString","coordinates":[[173.44505,-11.35258],[173.47744,-11.50315],[173.50987,-11.65372],[173.54231,-11.80434],[173.57475,-11.95491],[173.56243,-12.10019],[173.5501,-12.24551],[173.53777,-12.39079],[173.52545,-12.53606],[173.47311,-12.67057],[173.42083,-12.80509],[173.36855,-12.9396],[173.31621,-13.07412]]}},{"type":"Feature","properties":{"kind":"Marine Indicator 200 mi nl"},"geometry":{"type":"LineString","coordinates":[[165.63119,3.21201],[165.5722,3.12599],[165.51776,3.07252],[165.40487,2.96147],[165.29204,2.85042],[165.2257,2.78511],[165.14233,2.7031],[164.97598,2.58821],[164.81967,2.48019],[164.66515,2.37352],[164.5407,2.3161],[164.38423,2.24387],[164.26194,2.18742],[164.13737,2.13001],[163.94198,2.07832]]}},{"type":"Feature","properties":{"kind":"Marine Indicator 200 mi nl"},"geometry":{"type":"LineString","coordinates":[[156.36637,24.58741],[156.3459,24.43761],[156.32544,24.2878],[156.30501,24.13795],[156.28454,23.98814],[156.23905,23.84582],[156.19358,23.70345],[156.14811,23.56107],[156.10265,23.4187],[156.03396,23.28817],[155.96525,23.15768],[155.89653,23.0272],[155.82785,22.89666],[155.7379,22.78165],[155.64797,22.6667],[155.55804,22.55176],[155.46809,22.43674]]}},{"type":"Feature","properties":{"kind":"Marine Indicator 200 mi nl"},"geometry":{"type":"LineString","coordinates":[[137.28023,17.28855],[137.13328,17.25152],[136.98628,17.21443],[136.83927,17.1774],[136.69232,17.14036],[136.54116,17.12825],[136.38994,17.11609],[136.23872,17.10392],[136.08755,17.09181],[135.93574,17.10392],[135.78392,17.11609],[135.63211,17.12825],[135.48035,17.14036],[135.33302,17.1774],[135.18564,17.21443],[135.03826,17.25152],[134.89093,17.28855],[134.75247,17.34894],[134.61406,17.40939],[134.47566,17.46983],[134.33725,17.53028]]}},{"type":"Feature","properties":{"kind":"Marine Indicator 200 mi nl"},"geometry":{"type":"LineString","coordinates":[[163.60359,-0.9278],[163.62202,-1.05026],[163.64051,-1.17267],[163.66787,-1.29226],[163.69517,-1.41179],[163.72637,-1.51522],[163.75762,-1.61859],[163.79525,-1.71942],[163.83288,-1.82026],[163.87645,-1.91811],[163.92003,-2.01592],[163.97366,-2.11745],[164.02724,-2.21899],[164.10385,-2.34025],[164.18052,-2.46147],[164.22252,-2.51932],[164.26453,-2.57711],[164.26918,-2.57495],[164.27383,-2.57279]]}},{"type":"Feature","properties":{"kind":"Marine Indicator 200 mi nl"},"geometry":{"type":"LineString","coordinates":[[-163.24225,-1.28161],[-163.19772,-1.4205],[-163.15317,-1.55939],[-163.10273,-1.68055],[-163.05226,-1.80166],[-162.9853,-1.9312],[-162.91832,-2.06079],[-162.84046,-2.18411],[-162.76261,-2.30749],[-162.66513,-2.4346],[-162.56768,-2.5617],[-162.48915,-2.64799],[-162.41064,-2.73423],[-162.29354,-2.84349],[-162.17643,-2.9527],[-162.07306,-3.0331],[-161.96969,-3.11349]]}},{"type":"Feature","properties":{"kind":"Marine Indicator 200 mi nl"},"geometry":{"type":"LineString","coordinates":[[-157.77886,-14.65238],[-157.71201,-14.51928],[-157.64519,-14.38622],[-157.57836,-14.25317],[-157.51154,-14.12006],[-157.42406,-14.0023],[-157.33656,-13.88455],[-157.24905,-13.7668],[-157.16157,-13.64904],[-157.05226,-13.54502],[-156.94294,-13.44106],[-156.83362,-13.33709],[-156.7243,-13.23307],[-156.60143,-13.15094],[-156.47857,-13.06882],[-156.35568,-12.98675],[-156.23282,-12.90462]]}},{"type":"Feature","properties":{"kind":"Marine Indicator 200 mi nl"},"geometry":{"type":"LineString","coordinates":[[-68.53463,31.06314],[-68.53463,31.06314],[-68.53463,31.06314],[-68.53493,31.06406],[-68.53526,31.06504],[-68.53588,31.06595],[-68.5365,31.06687],[-68.5365,31.06687],[-68.5365,31.06687],[-68.53807,31.07185],[-68.53961,31.07688],[-68.53961,31.07688],[-68.53961,31.07688],[-68.54023,31.07779],[-68.54082,31.07877],[-68.5421,31.08061],[-68.54336,31.0825],[-68.64301,31.36031],[-68.74265,31.63812],[-68.78504,31.92559],[-68.82742,32.21303],[-68.82742,32.21338],[-68.82742,32.2137],[-68.82742,32.21432],[-68.82742,32.21495],[-68.82742,32.21495],[-68.82742,32.21495],[-68.82742,32.21527],[-68.82742,32.21557],[-68.82742,32.21557],[-68.82742,32.21557],[-68.82742,32.21619],[-68.82742,32.21681],[-68.82742,32.21681],[-68.82742,32.21681],[-68.82742,32.21681],[-68.82742,32.21681],[-68.81023,32.50673],[-68.79306,32.79666],[-68.79152,32.8029],[-68.78996,32.80912],[-68.78969,32.81409],[-68.78942,32.81909],[-68.71216,33.10161],[-68.6349,33.38413],[-68.49882,33.65162],[-68.36271,33.91913],[-68.36271,33.91913],[-68.36271,33.91913],[-68.36241,33.91945],[-68.36214,33.91981]]}},{"type":"Feature","properties":{"kind":"Marine Indicator 200 mi nl"},"geometry":{"type":"LineString","coordinates":[[-20.97005,34.1615],[-20.91521,34.26206],[-20.86036,34.36263],[-20.7971,34.46102],[-20.73384,34.55945],[-20.66318,34.6529],[-20.59255,34.74632],[-20.51407,34.83634],[-20.43557,34.92636],[-20.34961,35.01173],[-20.26364,35.0971],[-20.13378,35.20669],[-20.00391,35.31625],[-19.89862,35.39478],[-19.79333,35.47328],[-19.64319,35.56833],[-19.49305,35.66338]]}},{"type":"Feature","properties":{"kind":"Marine Indicator 200 mi nl"},"geometry":{"type":"LineString","coordinates":[[-172.4548,-41.72849],[-172.54198,-41.6621],[-172.62916,-41.59565],[-172.73667,-41.5231],[-172.84417,-41.45054],[-172.99864,-41.36085],[-173.15308,-41.27116],[-173.28729,-41.18741],[-173.42148,-41.10372],[-173.52929,-41.04543],[-173.63707,-40.98715],[-173.77534,-40.92173],[-173.91363,-40.85637],[-174.02106,-40.81241],[-174.12852,-40.76841],[-174.28517,-40.71326],[-174.44185,-40.65817],[-174.56515,-40.6227],[-174.68844,-40.58723]]}},{"type":"Feature","properties":{"kind":"Marine Indicator 200 mi nl"},"geometry":{"type":"LineString","coordinates":[[-143.61736,-6.31079],[-143.57329,-6.24894],[-143.52923,-6.18709],[-143.48517,-6.12524],[-143.4411,-6.06339],[-143.39704,-6.00154],[-143.35298,-5.93969],[-143.30892,-5.87784],[-143.26483,-5.81604],[-143.2129,-5.76528],[-143.16094,-5.71456],[-143.10901,-5.6638],[-143.05708,-5.61303],[-143.00515,-5.56232],[-142.95322,-5.51155],[-142.90129,-5.46078],[-142.84936,-5.41007],[-142.7894,-5.36882],[-142.72947,-5.32757],[-142.66954,-5.28631],[-142.60958,-5.24506],[-142.54963,-5.20381],[-142.4897,-5.16256],[-142.42976,-5.12131],[-142.36981,-5.08006],[-142.28127,-5.04005],[-142.22956,-5.00409]]}},{"type":"Feature","properties":{"kind":"Marine Indicator 200 mi nl"},"geometry":{"type":"LineString","coordinates":[[-175.42208,-25.58666],[-175.50282,-25.60634],[-175.5836,-25.62602],[-175.74398,-25.63819],[-175.90437,-25.6503],[-176.06475,-25.66246],[-176.22513,-25.67463],[-176.38538,-25.66079],[-176.54563,-25.64695],[-176.70588,-25.63311],[-176.8661,-25.61921],[-176.86764,-25.61873],[-176.86921,-25.61829],[-176.87078,-25.61786],[-176.87235,-25.61737],[-176.87251,-25.61737],[-176.87267,-25.61737],[-176.87283,-25.61737],[-176.873,-25.61737],[-177.02776,-25.57812],[-177.18252,-25.53887],[-177.3373,-25.49962],[-177.49207,-25.46037],[-177.63645,-25.39684],[-177.7808,-25.33326],[-177.92518,-25.26974],[-178.06956,-25.20621]]}},{"type":"Feature","properties":{"kind":"Marine Indicator 200 mi nl"},"geometry":{"type":"LineString","coordinates":[[-169.46865,20.134],[-169.40642,20.134],[-169.34471,20.13151],[-169.2831,20.12902],[-169.2213,20.12594],[-169.15967,20.12032],[-169.09806,20.11535],[-169.03697,20.10848],[-168.97533,20.10032],[-168.91427,20.09166],[-168.85323,20.08237],[-168.79281,20.07112],[-168.73239,20.05993],[-168.67197,20.04614],[-168.61218,20.03246],[-168.55238,20.01749],[-168.49321,20.00132],[-168.43403,19.98451],[-168.37489,19.96704],[-168.31631,19.94834],[-168.25838,19.92779],[-168.20109,19.90795],[-168.14381,19.88611],[-168.08707,19.86302],[-168.03038,19.8394],[-167.97432,19.81383],[-167.9195,19.7889],[-167.8647,19.76279],[-167.80988,19.73538],[-167.75627,19.70667]]}},{"type":"Feature","properties":{"kind":"Marine Indicator 200 mi nl"},"geometry":{"type":"LineString","coordinates":[[34.30266,-49.46461],[34.15176,-49.35626],[34.00087,-49.24792],[33.84997,-49.13957],[33.69908,-49.03122],[33.57986,-48.90428],[33.4607,-48.77733],[33.34155,-48.65039],[33.22239,-48.52344],[33.14161,-48.38628],[33.06084,-48.24906],[32.98007,-48.11185],[32.89924,-47.97468],[32.85691,-47.83233],[32.81463,-47.69003],[32.77229,-47.54768],[32.72996,-47.40532],[32.72499,-47.26032],[32.71996,-47.11537],[32.71493,-46.97042],[32.70996,-46.82542]]}},{"type":"Feature","properties":{"kind":"Marine Indicator 200 mi nl"},"geometry":{"type":"LineString","coordinates":[[94.71696,-9.19781],[94.89203,-9.06892],[95.08807,-8.94436],[95.26324,-8.84796],[95.47317,-8.74945],[95.69003,-8.66489],[95.92781,-8.59072],[96.13823,-8.54076],[96.31978,-8.50908],[96.51841,-8.4854],[96.73391,-8.47285],[96.96558,-8.47475],[97.19682,-8.49221],[97.42595,-8.52541],[97.59247,-8.55958],[97.80078,-8.6151],[98.02072,-8.68922]]}},{"type":"Feature","properties":{"kind":"Marine Indicator 200 mi nl"},"geometry":{"type":"LineString","coordinates":[[-28.92551,4.226],[-28.82241,4.20951],[-28.71931,4.19297],[-28.61691,4.16994],[-28.51451,4.1469],[-28.41387,4.1176],[-28.31323,4.0883],[-28.21483,4.05343],[-28.11643,4.01855],[-28.02017,3.97649],[-27.9239,3.93448],[-27.8308,3.88685],[-27.7377,3.83922],[-27.64769,3.78651],[-27.55767,3.73385],[-27.47108,3.67438],[-27.3845,3.61496],[-27.30167,3.55111],[-27.21884,3.48726],[-27.14039,3.41778],[-27.06195,3.34836],[-26.98774,3.27424],[-26.91354,3.20012],[-26.84444,3.12194],[-26.77537,3.04376],[-26.7109,2.9612],[-26.6464,2.87865],[-26.58785,2.79182],[-26.5293,2.70493],[-26.47604,2.61492],[-26.42279,2.52495]]}},{"type":"Feature","properties":{"kind":"Marine Indicator 200 mi nl"},"geometry":{"type":"LineString","coordinates":[[-17.32666,-6.259],[-17.2354,-6.13086],[-17.14414,-6.00268],[-17.05288,-5.87449],[-16.96162,-5.74635],[-16.85808,-5.64422],[-16.75455,-5.5421],[-16.65101,-5.43997],[-16.54748,-5.33784],[-16.42772,-5.25501],[-16.30797,-5.17218],[-16.18822,-5.08936],[-16.06846,-5.00647],[-15.933,-4.94446],[-15.79754,-4.8825],[-15.66208,-4.82054],[-15.52662,-4.75853],[-15.38581,-4.72117],[-15.245,-4.68387],[-15.10418,-4.64656],[-14.96337,-4.6092],[-14.89747,-4.60342],[-14.83159,-4.59769],[-14.76571,-4.5919],[-14.6998,-4.58612]]}},{"type":"Feature","properties":{"kind":"Marine Indicator 200 mi nl"},"geometry":{"type":"LineString","coordinates":[[45.7351,-47.46901],[45.73018,-47.4542],[45.72526,-47.43939],[45.72034,-47.42457],[45.71542,-47.4097],[45.67363,-47.33558],[45.63183,-47.26151],[45.59004,-47.18739],[45.54825,-47.11326],[45.50856,-46.97075],[45.46883,-46.82823],[45.42909,-46.68572],[45.3894,-46.54326],[45.38643,-46.39744],[45.38346,-46.25168],[45.38048,-46.10592],[45.37751,-45.96017],[45.41119,-45.81381],[45.44488,-45.66746],[45.4785,-45.5211],[45.51219,-45.37475],[45.57917,-45.23759],[45.64621,-45.10042],[45.7132,-44.96321],[45.78019,-44.82604]]}},{"type":"Feature","properties":{"kind":"Marine Indicator 200 mi nl"},"geometry":{"type":"LineString","coordinates":[[-5.96765,-41.92042],[-6.07197,-42.04585],[-6.17629,-42.17128],[-6.28063,-42.29672],[-6.38495,-42.4222],[-6.51684,-42.53017],[-6.64871,-42.63808],[-6.7806,-42.746],[-6.91249,-42.85397],[-7.06947,-42.94258],[-7.22645,-43.03114],[-7.38345,-43.1197],[-7.54043,-43.20831],[-7.71779,-43.27464],[-7.89518,-43.34093],[-8.07254,-43.40727],[-8.2499,-43.4736]]}},{"type":"Feature","properties":{"kind":"Marine Indicator 200 mi nl"},"geometry":{"type":"LineString","coordinates":[[-25.52828,-19.30003],[-25.44199,-19.57879],[-25.35571,-19.8575],[-25.32056,-20.15642],[-25.28539,-20.4554],[-25.30532,-20.74476],[-25.32527,-21.03417],[-25.39877,-21.31633],[-25.47227,-21.5985],[-25.5468,-21.75556],[-25.62133,-21.91257]]}},{"type":"Feature","properties":{"kind":"Marine Indicator 200 mi nl"},"geometry":{"type":"LineString","coordinates":[[-113.20405,-27.10038],[-113.19262,-27.02507],[-113.18116,-26.94981],[-113.16972,-26.87455],[-113.15829,-26.79929],[-113.14683,-26.72403],[-113.13539,-26.64872],[-113.12396,-26.57341],[-113.1125,-26.49815],[-113.08822,-26.42905],[-113.06395,-26.36001],[-113.03967,-26.29097],[-113.01537,-26.22188],[-112.99107,-26.15278],[-112.96679,-26.08374],[-112.94252,-26.0147],[-112.91824,-25.9456]]}},{"type":"Feature","properties":{"kind":"Marine Indicator 200 mi nl"},"geometry":{"type":"LineString","coordinates":[[-112.91824,-25.9456],[-112.88956,-25.87959],[-112.82003,-25.76],[-112.75564,-25.64916],[-112.70912,-25.5692],[-112.66668,-25.49616],[-112.61915,-25.4143],[-112.56379,-25.31899]]}},{"type":"Feature","properties":{"kind":"Marine Indicator 200 mi nl"},"geometry":{"type":"LineString","coordinates":[[-81.20362,-23.0748],[-81.04837,-23.04339],[-80.89312,-23.01192],[-80.73788,-22.98046],[-80.58263,-22.94899],[-80.42533,-22.94229],[-80.26802,-22.93558],[-80.11072,-22.92888],[-79.95342,-22.92223],[-79.79709,-22.93969],[-79.64076,-22.9571],[-79.48443,-22.97451],[-79.3281,-22.99192],[-79.17705,-23.03366],[-79.02601,-23.0754],[-78.87498,-23.11713],[-78.72392,-23.15882],[-78.57873,-23.22494],[-78.50839,-23.24419],[-78.40413,-23.29144],[-78.33166,-23.32431],[-78.18998,-23.38854]]}},{"type":"Feature","properties":{"kind":"Marine Indicator 200 mi nl"},"geometry":{"type":"LineString","coordinates":[[-44.7942,-57.22349],[-44.72579,-57.22624],[-44.65737,-57.22905],[-44.48906,-57.25171],[-44.34027,-57.27171],[-44.16502,-57.29523],[-44.02318,-57.31437],[-43.91765,-57.31777],[-43.81211,-57.32118],[-43.64278,-57.34227],[-43.48829,-57.36151],[-43.28763,-57.38665],[-43.1064,-57.40925],[-42.95042,-57.42877],[-42.76314,-57.45213],[-42.58154,-57.49105],[-42.43021,-57.52344],[-42.24677,-57.56264],[-42.12901,-57.58788],[-41.99526,-57.61654],[-41.86545,-57.64438],[-41.67068,-57.68601],[-41.49488,-57.72364],[-41.36902,-57.76397],[-41.23299,-57.80755],[-41.02738,-57.8734],[-40.91893,-57.90817],[-40.78728,-57.95034],[-40.55991,-58.02322]]}},{"type":"Feature","properties":{"kind":"Marine Indicator 200 mi nl"},"geometry":{"type":"LineString","coordinates":[[-12.15729,69.57839],[-11.78402,69.52827],[-11.41076,69.47813],[-11.03749,69.42798],[-10.66423,69.37786],[-10.32275,69.29796],[-9.98125,69.21807],[-9.63975,69.13819],[-9.29827,69.05829]]}},{"type":"Feature","properties":{"kind":"Marine Indicator Treaty"},"geometry":{"type":"LineString","coordinates":[[160.24761,-16.12706],[160.43002,-16.04623],[160.61249,-15.96541],[160.79496,-15.88458],[160.97738,-15.80375],[161.15979,-15.72293],[161.34221,-15.6421],[161.52462,-15.56127],[161.70709,-15.48044],[161.88956,-15.39962],[162.07198,-15.31879],[162.25439,-15.23796],[162.43681,-15.15714],[162.61923,-15.07631],[162.80169,-14.99548],[162.98416,-14.91471],[163.16658,-14.83388]]}},{"type":"Feature","properties":{"kind":"Marine Indicator Treaty"},"geometry":{"type":"LineString","coordinates":[[173.65207,-22.99105],[173.62076,-22.88639],[173.58946,-22.78171],[173.55821,-22.67704],[173.52691,-22.57238],[173.4956,-22.4677],[173.46435,-22.36303],[173.43305,-22.25837],[173.40175,-22.15375],[173.37044,-22.04913],[173.33914,-21.94446],[173.30789,-21.83979],[173.27659,-21.73512],[173.24528,-21.63045],[173.21403,-21.52578],[173.18273,-21.42111],[173.15142,-21.31644]]}},{"type":"Feature","properties":{"kind":"Marine Indicator Treaty"},"geometry":{"type":"LineString","coordinates":[[-178.51682,-15.29662],[-178.60719,-15.2351],[-178.69758,-15.17357],[-178.78798,-15.11205],[-178.87838,-15.05057],[-178.96877,-14.9891],[-179.05917,-14.92757],[-179.14957,-14.86605],[-179.23994,-14.80452],[-179.28062,-14.75511],[-179.32133,-14.70569],[-179.36204,-14.65628],[-179.40275,-14.60681],[-179.44346,-14.55734],[-179.48417,-14.50792],[-179.52489,-14.45851],[-179.56557,-14.40909]]}},{"type":"Feature","properties":{"kind":"Marine Indicator Treaty"},"geometry":{"type":"LineString","coordinates":[[-171.84994,-10.29663],[-171.70232,-10.2862],[-171.55472,-10.27582],[-171.4071,-10.26544],[-171.25947,-10.255],[-171.06219,-10.23851],[-170.9253,-10.22705],[-170.76045,-10.21326],[-170.59115,-10.19915],[-170.45812,-10.18802],[-170.257,-10.1712],[-170.10859,-10.15877],[-169.92282,-10.14325]]}},{"type":"Feature","properties":{"kind":"Marine Indicator Treaty"},"geometry":{"type":"LineString","coordinates":[[-168.98125,-16.74643],[-169.06622,-16.71659],[-169.15115,-16.6868],[-169.23612,-16.65701],[-169.32108,-16.62716],[-169.4743,-16.61608],[-169.62752,-16.605],[-169.78074,-16.59391],[-169.93396,-16.58283],[-170.08121,-16.60997],[-170.22845,-16.63711],[-170.37567,-16.66425],[-170.52292,-16.69134]]}},{"type":"Feature","properties":{"kind":"Marine Indicator Treaty"},"geometry":{"type":"LineString","coordinates":[[-168.49007,-11.04403],[-168.48415,-11.21579],[-168.47826,-11.38761],[-168.47234,-11.55937],[-168.46642,-11.73114],[-168.39321,-11.80651],[-168.32004,-11.88193],[-168.24686,-11.95735],[-168.17365,-12.03271],[-168.0851,-12.08527],[-167.99651,-12.13782],[-167.90793,-12.19037],[-167.81937,-12.24292]]}},{"type":"Feature","properties":{"kind":"Marine Indicator Treaty"},"geometry":{"type":"LineString","coordinates":[[-166.42892,-13.35698],[-166.32817,-13.44468],[-166.22742,-13.53232],[-166.12667,-13.61996],[-166.02592,-13.70765],[-165.92517,-13.79534],[-165.82442,-13.88298],[-165.72364,-13.97062],[-165.62289,-14.05832],[-165.5954,-14.16066],[-165.56794,-14.26301],[-165.54044,-14.36541],[-165.51295,-14.46775],[-165.48549,-14.5701],[-165.45799,-14.6725],[-165.4305,-14.77484],[-165.40304,-14.87719]]}},{"type":"Feature","properties":{"kind":"Marine Indicator Treaty"},"geometry":{"type":"LineString","coordinates":[[-132.68689,-24.06884],[-132.64983,-23.85804],[-132.61274,-23.64719],[-132.57568,-23.43633],[-132.53861,-23.22548],[-132.50155,-23.01463],[-132.46449,-22.80377],[-132.42743,-22.59292],[-132.39037,-22.38212]]}},{"type":"Feature","properties":{"kind":"Marine Indicator Treaty"},"geometry":{"type":"LineString","coordinates":[[-156.04286,-18.34578],[-155.94554,-18.41023],[-155.82593,-18.48933],[-155.75607,-18.53555],[-155.60899,-18.63287],[-155.54154,-18.67753],[-155.39208,-18.77647],[-155.3305,-18.81723],[-155.17514,-18.92001],[-155.08277,-19.0043],[-154.99043,-19.08853],[-154.89809,-19.17276],[-154.80574,-19.25705],[-154.88657,-19.37151],[-154.97108,-19.4911],[-155.07342,-19.63588],[-155.18525,-19.79419],[-155.26384,-19.90535],[-155.37048,-20.05629],[-155.45404,-20.17453],[-155.56476,-20.33127],[-155.63597,-20.43205],[-155.74066,-20.58008],[-155.82173,-20.69491],[-155.9443,-20.86835],[-156.03751,-21.00038],[-156.11709,-21.113],[-156.20957,-21.24389],[-156.32381,-21.40543]]}},{"type":"Feature","properties":{"kind":"Marine Indicator Treaty"},"geometry":{"type":"LineString","coordinates":[[-175.23415,62.89114],[-175.09209,62.95266],[-174.9489,63.015],[-174.80566,63.07604],[-174.66111,63.13768],[-174.51657,63.20007],[-174.3714,63.2604],[-174.22567,63.32201],[-174.0787,63.38313],[-173.93169,63.44358],[-173.78407,63.50397],[-173.63582,63.56436],[-173.4863,63.62485],[-173.33682,63.68525],[-173.18608,63.74564],[-173.03597,63.80484],[-172.88397,63.86463],[-172.73196,63.92497],[-172.57871,63.98363],[-172.42558,64.04272],[-172.27168,64.10252],[-172.11654,64.16053],[-172.00076,64.2047],[-171.85873,64.27012],[-171.71605,64.33424],[-171.57278,64.39972],[-171.42824,64.46384],[-171.28377,64.52915],[-171.13867,64.59332],[-170.99226,64.6569],[-170.84585,64.72105],[-170.69822,64.7846],[-170.54995,64.84878],[-170.40114,64.91231],[-170.25167,64.97524],[-170.10143,65.03876],[-169.95083,65.10232],[-169.7988,65.16452],[-169.64677,65.22748],[-169.49301,65.29103],[-169.33976,65.35331],[-169.18459,65.41573],[-169.02951,65.4774],[-168.97406,65.49978],[-168.97406,65.64386],[-168.97406,65.78794],[-168.97406,65.93203],[-168.97406,66.07608],[-168.97406,66.22014],[-168.97406,66.36422],[-168.97406,66.50831],[-168.97406,66.65239],[-168.97406,66.79647],[-168.97406,66.94056],[-168.97406,67.08464],[-168.97406,67.2287],[-168.97406,67.37275],[-168.97406,67.51684],[-168.97406,67.66092],[-168.97406,67.805]]}},{"type":"Feature","properties":{"kind":"Marine Indicator Treaty"},"geometry":{"type":"LineString","coordinates":[[-66.42948,-55.121],[-66.24801,-55.15301],[-66.07859,-55.1835],[-65.90294,-55.2825],[-65.72728,-55.38154],[-65.72728,-55.50638],[-65.72728,-55.63121],[-65.72728,-55.756],[-65.72728,-55.88083],[-65.72728,-56.00567],[-65.72728,-56.13045],[-65.72728,-56.25529],[-65.72728,-56.38012],[-65.91975,-56.38012],[-66.11222,-56.38012],[-66.30469,-56.38012],[-66.49716,-56.38012],[-66.68964,-56.38012],[-66.88211,-56.38012],[-67.07458,-56.38012],[-67.26702,-56.38012],[-67.26702,-56.62958],[-67.26702,-56.87904],[-67.26702,-57.12849],[-67.26702,-57.378],[-67.26702,-57.62751],[-67.26702,-57.87697],[-67.26702,-58.12643],[-67.26702,-58.37588]]}},{"type":"Feature","properties":{"kind":"Marine Indicator Treaty"},"geometry":{"type":"LineString","coordinates":[[-89.33155,3.36799],[-89.23488,3.31409],[-89.13818,3.26024],[-89.04149,3.20634],[-88.94479,3.15243],[-88.8481,3.09858],[-88.7514,3.04468],[-88.6547,2.99078],[-88.55801,2.93687],[-88.46131,2.88297],[-88.36462,2.82907],[-88.26792,2.77517],[-88.17123,2.72126],[-88.07453,2.66736]]}},{"type":"Feature","properties":{"kind":"Marine Indicator Treaty"},"geometry":{"type":"LineString","coordinates":[[-119.98481,30.88305],[-119.89863,30.89868],[-119.81245,30.9143],[-119.72628,30.92993],[-119.64007,30.94555],[-119.55386,30.96118],[-119.46768,30.9768],[-119.3815,30.99237],[-119.29532,31.008],[-119.20914,31.02362],[-119.12294,31.03919],[-119.03673,31.05482],[-118.95055,31.07044],[-118.86437,31.08607],[-118.77819,31.10169],[-118.69201,31.11732],[-118.6058,31.13294],[-118.55706,31.22637],[-118.5083,31.31974],[-118.45956,31.41313],[-118.41082,31.50653],[-118.36208,31.59993],[-118.31334,31.69333],[-118.2646,31.78672],[-118.21586,31.88012],[-118.16712,31.97352],[-118.11838,32.06692],[-118.06964,32.16031],[-118.0209,32.25371],[-117.97216,32.34711],[-117.92342,32.4405],[-117.87468,32.53393],[-117.82594,32.62733],[-117.72676,32.6167],[-117.62758,32.60611],[-117.46463,32.58872],[-117.36628,32.57248],[-117.2635,32.55318],[-117.23917,32.52641],[-117.11877,32.53204]]}},{"type":"Feature","properties":{"kind":"Marine Indicator Treaty"},"geometry":{"type":"LineString","coordinates":[[-82.83309,14.95343],[-82.75523,14.95127],[-82.68379,14.94921],[-82.60388,14.947],[-82.56714,14.94597],[-82.49675,14.89115]]}},{"type":"Feature","properties":{"kind":"Marine Indicator Treaty"},"geometry":{"type":"LineString","coordinates":[[-83.13039,14.99701],[-83.04567,15.0328],[-82.99101,15.05183],[-82.93635,15.07081],[-82.88172,15.08978]]}},{"type":"Feature","properties":{"kind":"Marine Indicator Treaty"},"geometry":{"type":"LineString","coordinates":[[-82.49675,14.89239],[-82.41638,14.88736],[-82.34915,14.91039],[-82.28933,14.96148],[-82.25819,15.01815],[-82.24691,15.09854],[-82.26254,15.16396],[-82.30798,15.23062],[-82.36094,15.26549]]}},{"type":"Feature","properties":{"kind":"Marine Indicator Treaty"},"geometry":{"type":"LineString","coordinates":[[-60.89116,9.84888],[-60.95998,9.85445],[-61.00807,9.85823],[-61.05779,9.86223],[-61.11061,9.86645],[-61.16178,9.87056],[-61.22444,9.87564],[-61.2654,9.8897],[-61.29697,9.90051],[-61.32933,9.91165],[-61.36236,9.923],[-61.42513,9.94463],[-61.45684,9.95544],[-61.50028,9.97031],[-61.56573,9.97809],[-61.63115,9.98588],[-61.6811,9.98588],[-61.74328,9.98588],[-61.79972,9.98588],[-61.85541,9.98588],[-61.91456,9.9968],[-61.9737,10.00772],[-62.0285,10.02702],[-62.08329,10.04632],[-62.06951,10.08022],[-62.05572,10.11407],[-62.04193,10.14791],[-62.02817,10.18176],[-62.01441,10.2156],[-62.00063,10.2495],[-61.98684,10.2834],[-61.97305,10.31724],[-61.95927,10.35109],[-61.94548,10.38499],[-61.93169,10.41888],[-61.91793,10.45273],[-61.90418,10.48657],[-61.89039,10.52047],[-61.8766,10.55437],[-61.86282,10.58822],[-61.83322,10.58822],[-61.80362,10.58822],[-61.80362,10.604],[-61.80362,10.61984],[-61.80362,10.63569],[-61.80362,10.65147],[-61.80362,10.66726],[-61.80362,10.68305],[-61.80362,10.69883],[-61.80362,10.71467],[-61.79442,10.73927],[-61.78523,10.76382],[-61.77604,10.78842],[-61.76688,10.81302],[-61.75771,10.83762],[-61.74852,10.86222],[-61.73933,10.88682],[-61.73014,10.91142],[-61.73014,10.94434],[-61.73014,10.97727],[-61.73014,11.01025],[-61.73014,11.04317],[-61.73014,11.0761],[-61.73014,11.10908],[-61.73014,11.142],[-61.73014,11.17493]]}},{"type":"Feature","properties":{"kind":"Marine Indicator Treaty"},"geometry":{"type":"LineString","coordinates":[[-76.47279,19.12806],[-76.51483,19.13569],[-76.55689,19.14336],[-76.59895,19.15099],[-76.64099,19.15861],[-76.70032,19.1578],[-76.75963,19.15699],[-76.81894,19.15623],[-76.87825,19.15542],[-76.93232,19.1585],[-76.98636,19.16164],[-77.04039,19.16477],[-77.09446,19.16791],[-77.14739,19.16667],[-77.20034,19.16542],[-77.2533,19.16418],[-77.30623,19.16294],[-77.4112,19.16542],[-77.51617,19.16791],[-77.62111,19.1704],[-77.72607,19.17288]]}},{"type":"Feature","properties":{"kind":"Marine Indicator Treaty"},"geometry":{"type":"LineString","coordinates":[[-64.94182,18.58049],[-64.92633,18.54843],[-64.91376,18.52248],[-64.89754,18.48891],[-64.88335,18.44955],[-64.87738,18.42332],[-64.86456,18.39737],[-64.83907,18.39359],[-64.8242,18.3991],[-64.79979,18.40802],[-64.78357,18.40489],[-64.77733,18.38743],[-64.72167,18.38526],[-64.70437,18.3818],[-64.67063,18.37229],[-64.64033,18.36439],[-64.63846,18.31833],[-64.66209,18.27838],[-64.65849,18.24816],[-64.65344,18.20598],[-64.64917,18.1709],[-64.64463,18.1331],[-64.64068,18.10012],[-64.63803,18.07817],[-64.63468,18.05044],[-64.59772,18.05044],[-64.56499,18.05044]]}},{"type":"Feature","properties":{"kind":"Marine Indicator Treaty"},"geometry":{"type":"LineString","coordinates":[[-81.21611,23.92434],[-81.28726,23.90498],[-81.35844,23.88568],[-81.42961,23.86638],[-81.50076,23.84702],[-81.58407,23.83956],[-81.66739,23.8321],[-81.7507,23.82464],[-81.83399,23.81718],[-81.87651,23.81718],[-81.91903,23.81718],[-81.96156,23.81718],[-82.00408,23.81718],[-82.04487,23.81983],[-82.08566,23.82248],[-82.12646,23.82513],[-82.16725,23.82778]]}},{"type":"Feature","properties":{"kind":"Marine Indicator Treaty"},"geometry":{"type":"LineString","coordinates":[[-70.41764,12.75541],[-70.41764,12.64345],[-70.41761,12.52104],[-70.41759,12.34982],[-70.3084,12.34982],[-70.16475,12.34982],[-70.14104,12.36523],[-70.01075,12.33165],[-69.91335,12.30657],[-69.73993,12.26191],[-69.65765,12.21422],[-69.5885,12.17416],[-69.43787,12.08695],[-69.29525,12.00434],[-69.17139,11.9326],[-69.07966,11.87945],[-68.95502,11.75862],[-68.82996,11.74175],[-68.68215,11.69277],[-68.60067,11.66573],[-68.44197,11.66573],[-68.28342,11.66573],[-68.06721,11.66573],[-67.99028,11.66573],[-67.99028,11.78608],[-67.99028,11.85085],[-67.99028,11.95185],[-67.99028,12.13204],[-67.99028,12.27613],[-67.99028,12.35544],[-67.99028,12.44935]]}},{"type":"Feature","properties":{"kind":"Marine Indicator Treaty"},"geometry":{"type":"LineString","coordinates":[[-61.18884,14.2309],[-61.14275,14.24134],[-61.09666,14.25177],[-61.05057,14.26221],[-61.00448,14.27264],[-60.97647,14.26534],[-60.94844,14.25804],[-60.92041,14.25069],[-60.8924,14.24339],[-60.83944,14.23361],[-60.78649,14.22377],[-60.73353,14.21393],[-60.68057,14.20409]]}},{"type":"Feature","properties":{"kind":"Marine Indicator Treaty"},"geometry":{"type":"LineString","coordinates":[[-63.21012,18.09845],[-63.17941,18.10823],[-63.15048,18.11732],[-63.11832,18.12754],[-63.07914,18.13992],[-63.0576,18.14684],[-63.03749,18.15322],[-63.0017,18.16452],[-62.97953,18.1716],[-62.94915,18.18122],[-62.91508,18.18566],[-62.87691,18.19057]]}},{"type":"Feature","properties":{"kind":"Marine Indicator Treaty"},"geometry":{"type":"LineString","coordinates":[[-61.74885,15.60253],[-61.70305,15.63022],[-61.6724,15.64876],[-61.63753,15.66985],[-61.59595,15.69499],[-61.54881,15.72353],[-61.5195,15.74127],[-61.47863,15.76597],[-61.44303,15.78749],[-61.41327,15.77414],[-61.38353,15.76073],[-61.35377,15.74732],[-61.324,15.73391],[-61.25845,15.72159],[-61.1929,15.70931],[-61.12734,15.69704],[-61.06179,15.68471],[-61.02146,15.67974],[-60.98112,15.67477],[-60.94079,15.66979],[-60.90049,15.66476]]}},{"type":"Feature","properties":{"kind":"Marine Indicator Treaty"},"geometry":{"type":"LineString","coordinates":[[-60.90049,15.16396],[-60.92554,15.15433],[-60.95063,15.14466],[-60.97569,15.13498],[-61.00075,15.12536],[-61.03951,15.11416],[-61.07828,15.10297],[-61.11704,15.09173],[-61.15581,15.08054],[-61.18773,15.06805],[-61.21966,15.05561],[-61.25161,15.04318],[-61.28354,15.03069]]}},{"type":"Feature","properties":{"kind":"Marine Indicator Treaty"},"geometry":{"type":"LineString","coordinates":[[-66.9039,44.77615],[-66.90876,44.74773],[-66.98042,44.69337],[-67.01041,44.61547],[-67.02141,44.59904],[-67.04966,44.55686],[-67.04471,44.51015],[-67.06279,44.48401],[-67.03846,44.42419],[-67.04279,44.36196],[-67.07372,44.32346],[-67.11189,44.27594],[-67.14438,44.23555],[-67.18714,44.22026],[-67.23418,44.20341],[-67.28014,44.18692],[-67.29462,44.14629],[-67.30911,44.10569],[-67.3236,44.06506],[-67.33807,44.02443],[-67.35253,43.9838],[-67.36702,43.94317],[-67.38151,43.90254],[-67.396,43.86191],[-67.41049,43.82128],[-67.42498,43.78065],[-67.43946,43.74005],[-67.45393,43.69942],[-67.46839,43.65879],[-67.48288,43.61819],[-67.49737,43.57756],[-67.51186,43.53693],[-67.52635,43.4963],[-67.54084,43.45567],[-67.55533,43.41506],[-67.56979,43.37443],[-67.58425,43.3338],[-67.59874,43.2932],[-67.61323,43.25257],[-67.62772,43.21194],[-67.64221,43.17131],[-67.6567,43.13068],[-67.67119,43.09008],[-67.68565,43.04945],[-67.70011,43.00882],[-67.7146,42.96822],[-67.72909,42.92759],[-67.74358,42.88696],[-67.70925,42.84095],[-67.67492,42.79494],[-67.64059,42.74893],[-67.60626,42.70292],[-67.57192,42.65691],[-67.53759,42.6109],[-67.50326,42.56489],[-67.46893,42.51885]]}},{"type":"Feature","properties":{"kind":"Marine Indicator Treaty"},"geometry":{"type":"LineString","coordinates":[[-74.77609,77.46589],[-74.77485,77.47027],[-74.77358,77.47468],[-74.77231,77.47908],[-74.77107,77.48346],[-74.76982,77.48784],[-74.76855,77.49225],[-74.76728,77.49665],[-74.76604,77.50103],[-74.64099,77.61549],[-74.51593,77.72994],[-74.39088,77.8444],[-74.26583,77.95885],[-74.14078,78.07331],[-74.01572,78.18777],[-73.89067,78.30222],[-73.76565,78.41665],[-73.66981,78.46474],[-73.57396,78.51286],[-73.47813,78.56098],[-73.3823,78.6091],[-73.28647,78.65721],[-73.19064,78.70533],[-73.09481,78.75345],[-72.99898,78.80157],[-72.7041,78.86985],[-72.54053,78.9077],[-72.08209,79.01383],[-71.62364,79.11996],[-71.1652,79.22609],[-70.70675,79.33222],[-70.24831,79.43835],[-69.78984,79.54448],[-69.33139,79.65058],[-69.24805,79.73792],[-69.16473,79.82529],[-69.08142,79.91266],[-68.99808,80.00003],[-68.83132,80.10435],[-68.66452,80.20866],[-68.49774,80.31298],[-68.33094,80.4173],[-68.02731,80.50062],[-67.72366,80.58393],[-67.42,80.66724],[-67.11637,80.75056],[-66.78985,80.78516],[-66.481,80.81784],[-66.43169,80.81976],[-66.26425,80.83525],[-66.03069,80.88745],[-65.79943,80.93917],[-65.56816,80.99088],[-65.33693,81.04262],[-65.10567,81.09433],[-64.8744,81.14605],[-64.64317,81.19778],[-64.4119,81.2495],[-64.18064,81.30121],[-63.92843,81.37198],[-63.67624,81.44275],[-63.42405,81.51353],[-63.17184,81.58432],[-62.91963,81.65512],[-62.66744,81.72589],[-62.41525,81.79666],[-62.16304,81.86744],[-61.89217,81.91112],[-61.62131,81.9548],[-61.35044,81.99849],[-61.07955,82.04217],[-60.80866,82.08586],[-60.53779,82.12954],[-60.26692,82.17323],[-59.99606,82.21689]]}},{"type":"Feature","properties":{"kind":"Marine Indicator Treaty"},"geometry":{"type":"LineString","coordinates":[[5.32292,-0.21458],[5.42797,-0.28394],[5.53296,-0.35325],[5.63801,-0.42257],[5.74306,-0.49193],[5.84805,-0.5613],[5.9531,-0.63061],[6.05815,-0.69992],[6.16315,-0.76929]]}},{"type":"Feature","properties":{"kind":"Marine Indicator Treaty"},"geometry":{"type":"LineString","coordinates":[[7.88836,2.52684],[8.00747,2.44861],[8.12657,2.37044],[8.24568,2.29226],[8.36478,2.21408],[8.4109,2.17748],[8.45702,2.14087],[8.50308,2.10433],[8.5492,2.06772],[8.5339,1.98852],[8.5186,1.90937],[8.5033,1.83016],[8.488,1.75096]]}},{"type":"Feature","properties":{"kind":"Marine Indicator Treaty"},"geometry":{"type":"LineString","coordinates":[[-19.74791,15.41623],[-19.69528,15.54144],[-19.64265,15.66666],[-19.60089,15.86659],[-19.5841,15.94709],[-19.55912,16.06647]]}},{"type":"Feature","properties":{"kind":"Marine Indicator Treaty"},"geometry":{"type":"LineString","coordinates":[[-19.55912,16.06647],[-19.55039,16.17454],[-19.54166,16.28267],[-19.54166,16.37859],[-19.54166,16.47444],[-19.54758,16.55386],[-19.5535,16.63334]]}},{"type":"Feature","properties":{"kind":"Marine Indicator Treaty"},"geometry":{"type":"LineString","coordinates":[[21.4993,63.66589],[21.39149,63.63807],[21.21929,63.59361],[21.06126,63.55279],[20.93934,63.52132],[20.81786,63.50297],[20.69638,63.48461],[20.54781,63.40865],[20.39923,63.33266]]}},{"type":"Feature","properties":{"kind":"Marine Indicator Treaty"},"geometry":{"type":"LineString","coordinates":[[24.3063,57.86817],[24.25391,57.89066],[24.20828,57.8992],[24.05333,57.8992],[23.90741,57.8992],[23.76154,57.8992],[23.60016,57.8992],[23.64822,57.78204],[23.58145,57.66932],[23.40525,57.5933],[23.18034,57.58649],[23.06378,57.66051],[22.99793,57.70235],[22.8905,57.78977],[22.80583,57.85871],[22.70624,57.9397],[22.58314,57.92721],[22.39445,57.86376],[22.27264,57.82276],[22.14256,57.77893],[21.91522,57.74901],[21.73129,57.78242],[21.60294,57.80578],[21.45394,57.83284]]}},{"type":"Feature","properties":{"kind":"Marine Indicator Treaty"},"geometry":{"type":"LineString","coordinates":[[-4.30953,60.79509],[-4.48016,60.63833],[-4.7381,60.40133],[-4.94485,60.35154],[-5.40391,60.31169],[-5.849,60.26593],[-6.15412,60.23454],[-6.43612,60.20551],[-6.71813,60.17648]]}},{"type":"Feature","properties":{"kind":"Marine Indicator Treaty"},"geometry":{"type":"LineString","coordinates":[[-21.75038,68.1365],[-22.15046,68.05662],[-22.55054,67.97671],[-22.95062,67.89681],[-23.3507,67.8169],[-23.62368,67.77019],[-23.89665,67.72347],[-24.16963,67.67676],[-24.4426,67.63002],[-24.73206,67.56787],[-25.02156,67.50575],[-25.31105,67.44363],[-25.60051,67.38151],[-25.83972,67.30225],[-26.07893,67.22299],[-26.31812,67.14373],[-26.55733,67.06448]]}},{"type":"Feature","properties":{"kind":"Marine Indicator Treaty"},"geometry":{"type":"LineString","coordinates":[[14.26161,55.21405],[14.34474,55.23361],[14.40796,55.27372],[14.45857,55.31165],[14.54312,55.36669],[14.62763,55.4217],[14.71213,55.47671],[14.7946,55.50255],[14.88261,55.51233],[15.01953,55.51722],[15.14666,55.48788],[15.25424,55.45854],[15.32758,55.39986],[15.38137,55.27273],[15.39604,55.13582],[15.38137,55.02335],[15.3178,54.92556],[15.22979,54.84732],[15.10265,54.79842],[14.92173,54.77398],[14.65279,54.75442],[14.23427,54.73268]]}},{"type":"Feature","properties":{"kind":"Marine Indicator Treaty"},"geometry":{"type":"LineString","coordinates":[[12.79363,55.16654],[12.67663,55.24931],[12.63798,55.30792],[12.64171,55.33722],[12.60922,55.43194],[12.71453,55.48795],[12.72821,55.54094],[12.82072,55.58525],[12.88024,55.61376],[12.89398,55.64426],[12.80742,55.7293],[12.76535,55.77072],[12.70772,55.82743],[12.68469,55.8829],[12.6516,55.92648],[12.65782,56.00247],[12.64912,56.04856],[12.55693,56.11214],[12.45805,56.16501],[12.36257,56.2161],[12.23788,56.29461]]}},{"type":"Feature","properties":{"kind":"Marine Indicator Treaty"},"geometry":{"type":"LineString","coordinates":[[12.44286,54.68755],[12.37803,54.63329],[12.28672,54.55687],[12.22979,54.50938],[12.11149,54.41036],[11.94011,54.36675],[11.85144,54.36613],[11.66984,54.36483],[11.58133,54.43025],[11.44298,54.49824],[11.32112,54.57044],[11.25867,54.58607],[11.20834,54.6091],[11.07442,54.63773],[10.90303,54.63643],[10.85416,54.6108],[10.73229,54.54684],[10.65936,54.5443],[10.61281,54.55117],[10.48413,54.58858],[10.37308,54.62089],[10.26841,54.71201],[10.21721,54.75664]]}},{"type":"Feature","properties":{"kind":"Marine Indicator Treaty"},"geometry":{"type":"LineString","coordinates":[[69.73296,-51.97188],[69.90077,-51.90775],[70.11276,-51.82682],[70.30415,-51.75372],[70.47003,-51.69031],[70.61692,-51.63429],[70.82648,-51.55412],[71.01917,-51.48053],[71.20709,-51.40873],[71.46434,-51.33661],[71.69633,-51.27152],[71.84068,-51.23097],[72.08154,-51.16339],[72.34365,-51.08986],[72.47427,-51.0532],[72.64836,-50.97989],[72.82245,-50.90663]]}},{"type":"Feature","properties":{"kind":"Marine Indicator Treaty"},"geometry":{"type":"LineString","coordinates":[[46.26169,-10.92833],[46.34279,-10.89362],[46.42389,-10.85891],[46.50498,-10.8242],[46.58613,-10.78949],[46.66729,-10.75478],[46.74838,-10.72007],[46.82948,-10.68536],[46.91058,-10.65065],[46.99562,-10.67071],[47.08067,-10.69071],[47.16566,-10.71072],[47.2507,-10.73072],[47.33575,-10.75072],[47.42074,-10.77073],[47.50578,-10.79073],[47.59083,-10.81074]]}},{"type":"Feature","properties":{"kind":"Marine Indicator Treaty"},"geometry":{"type":"LineString","coordinates":[[56.29314,-20.0823],[56.3352,-20.21146],[56.37721,-20.34057],[56.41922,-20.46968],[56.46128,-20.59878],[56.55471,-20.77536],[56.64818,-20.95194],[56.74166,-21.12851],[56.83509,-21.30509]]}},{"type":"Feature","properties":{"kind":"Marine Indicator Treaty"},"geometry":{"type":"LineString","coordinates":[[11.75445,36.98256],[11.71293,36.94204],[11.69227,36.90336],[11.67605,36.87295],[11.67265,36.83802],[11.66773,36.78763],[11.68357,36.73027],[11.70952,36.69553],[11.74201,36.65207],[11.76083,36.62687],[11.81435,36.5814],[11.90096,36.54337],[11.95579,36.53728],[12.00801,36.53153]]}},{"type":"Feature","properties":{"kind":"Marine Indicator Treaty"},"geometry":{"type":"LineString","coordinates":[[12.3151,35.63889],[12.2958,35.60499],[12.27396,35.56668],[12.26715,35.53184],[12.27023,35.48823],[12.30331,35.41278],[12.34322,35.3717],[12.38257,35.34742],[12.42301,35.33423],[12.46746,35.31968],[12.5465,35.29384],[12.60586,35.29179],[12.65225,35.29011],[12.74503,35.3113],[12.79861,35.34245],[12.83034,35.3717]]}},{"type":"Feature","properties":{"kind":"Marine Indicator Treaty"},"geometry":{"type":"LineString","coordinates":[[15.96925,42.42475],[15.97222,42.36063],[15.99839,42.30581],[16.02456,42.2747],[16.06819,42.24591],[16.1162,42.21428],[16.18475,42.19314],[16.25185,42.18335],[16.33089,42.17189],[16.43621,42.18254],[16.51466,42.21366],[16.55402,42.24104],[16.58894,42.27905]]}},{"type":"Feature","properties":{"kind":"Marine Indicator Treaty"},"geometry":{"type":"LineString","coordinates":[[42.78871,16.37118],[42.71735,16.3748],[42.6289,16.37923],[42.53823,16.38383],[42.4474,16.38842],[42.30553,16.39561],[42.14918,16.40351],[42.05748,16.37534],[41.96584,16.34712],[41.8742,16.3189],[41.78251,16.29068]]}},{"type":"Feature","properties":{"kind":"Marine Indicator Treaty"},"geometry":{"type":"LineString","coordinates":[[55.75746,26.26319],[55.86959,26.31369],[56.00216,26.40349],[56.11137,26.47745],[56.17295,26.54725],[56.24091,26.59018],[56.27389,26.59202],[56.43576,26.65776],[56.54876,26.70361],[56.68252,26.73723],[56.73307,26.69247],[56.79519,26.58704],[56.79194,26.47848],[56.79021,26.42085],[56.80038,26.36602],[56.79984,26.29401],[56.79908,26.19274],[56.83628,26.05137],[56.82936,25.96805],[56.8552,25.77482],[56.84006,25.65653]]}},{"type":"Feature","properties":{"kind":"Marine Indicator Treaty"},"geometry":{"type":"LineString","coordinates":[[8.81255,41.25873],[8.96474,41.28717],[9.02941,41.29925],[9.13532,41.3191],[9.26983,41.29301],[9.31649,41.33786],[9.37883,41.37024],[9.45063,41.40752],[9.63045,41.43496]]}},{"type":"Feature","properties":{"kind":"Marine Indicator Treaty"},"geometry":{"type":"LineString","coordinates":[[142.05855,-9.75539],[142.0585,-9.64812],[142.0585,-9.58319],[142.0585,-9.4577],[142.0585,-9.32892],[142.05855,-9.2601],[142.10786,-9.21214],[142.14257,-9.19592],[142.17193,-9.19781],[142.21556,-9.18797],[142.23605,-9.19106],[142.27406,-9.22966],[142.34504,-9.26572],[142.41154,-9.31054],[142.49469,-9.36666],[142.52443,-9.36174],[142.55752,-9.37412],[142.59185,-9.35541],[142.69517,-9.33806],[142.80524,-9.32243],[142.82968,-9.33298],[142.85088,-9.37288],[142.85077,-9.45035],[142.85055,-9.53253],[142.85044,-9.58686],[142.85023,-9.6731]]}},{"type":"Feature","properties":{"kind":"Marine Indicator Treaty"},"geometry":{"type":"LineString","coordinates":[[72.06176,7.81749],[72.22276,7.79197],[72.38382,7.76645],[72.54488,7.74093],[72.70589,7.71542],[72.86116,7.69909],[73.01644,7.68276],[73.17171,7.66643],[73.32699,7.6501],[73.4056,7.66178],[73.48421,7.67346],[73.56282,7.68514],[73.64143,7.69682]]}},{"type":"Feature","properties":{"kind":"Marine Indicator Treaty"},"geometry":{"type":"LineString","coordinates":[[160.94175,-4.6304],[160.77225,-4.67489],[160.63925,-4.70987],[160.47998,-4.75161],[160.47998,-4.75161],[160.33963,-4.75913],[160.19933,-4.76659],[160.05903,-4.77405],[159.91868,-4.78151],[159.77832,-4.78897],[159.63797,-4.79648],[159.49762,-4.804],[159.35732,-4.81146],[159.21702,-4.81892],[159.07667,-4.82644],[158.93631,-4.83395],[158.79596,-4.84141],[158.65561,-4.84887],[158.51531,-4.85633],[158.37501,-4.86379],[158.23466,-4.87131]]}},{"type":"Feature","properties":{"kind":"Marine Indicator Treaty"},"geometry":{"type":"LineString","coordinates":[[156.61357,-6.10853],[156.48641,-6.20569],[156.36747,-6.29641],[156.20754,-6.41838],[156.03507,-6.54998],[156.03961,-6.65838],[155.9224,-6.84771],[155.83309,-6.87837],[155.69317,-6.92627],[155.50729,-6.95871],[155.38629,-7.04683],[155.28789,-7.11852],[155.11153,-7.24688],[155.11153,-7.24688],[155.04563,-7.35782],[154.97972,-7.46881],[154.91387,-7.57981],[154.84797,-7.69075],[154.78206,-7.80169],[154.71621,-7.91269],[154.65031,-8.02368],[154.5844,-8.13462],[154.64214,-8.20729],[154.69988,-8.2799],[154.75762,-8.35251],[154.81537,-8.42517],[154.87311,-8.49778],[154.93085,-8.57039],[154.98859,-8.64305],[155.04628,-8.71566]]}},{"type":"Feature","properties":{"kind":"Marine Indicator Treaty"},"geometry":{"type":"LineString","coordinates":[[78.89374,8.20249],[78.90834,8.28623],[78.92294,8.37003],[79.00047,8.44508],[79.07805,8.52012],[79.1472,8.56997],[79.21635,8.61981],[79.25965,8.64317],[79.30296,8.66647],[79.35394,8.73],[79.39514,8.78147],[79.45104,8.85121],[79.48732,8.89647],[79.50435,8.94815],[79.52144,8.99984],[79.52711,9.04963],[79.53279,9.09948],[79.53279,9.15776],[79.53279,9.21599],[79.52155,9.28946],[79.5103,9.36294],[79.44348,9.51621],[79.40114,9.61326],[79.37665,9.66944],[79.43212,9.74491],[79.4797,9.80963],[79.53452,9.88429],[79.58275,9.94982],[79.7337,9.9942],[79.8328,10.02334],[79.9518,10.05827],[80.08285,10.09682],[80.12026,10.11828],[80.15767,10.13975],[80.22709,10.18657],[80.29397,10.23171],[80.37577,10.28697],[80.43752,10.3287],[80.46163,10.34498],[80.52434,10.3872],[80.59236,10.43321],[80.68773,10.4976],[80.76558,10.55021]]}},{"type":"Feature","properties":{"kind":"Marine Indicator Treaty"},"geometry":{"type":"LineString","coordinates":[[105.22602,-8.72902],[105.29977,-8.72653],[105.48327,-8.76935],[105.68298,-8.8159],[105.84507,-8.85369],[105.97893,-8.88494],[106.18005,-8.93187],[106.35415,-8.98069],[106.55819,-9.03789],[106.63328,-9.06481],[106.82224,-9.13256],[106.9135,-9.19781]]}},{"type":"Feature","properties":{"kind":"Marine Indicator Treaty"},"geometry":{"type":"LineString","coordinates":[[166.68016,-26.09953],[166.86593,-26.07655],[167.05164,-26.05362],[167.23736,-26.0307],[167.42312,-26.00778],[167.60889,-25.98485],[167.7946,-25.96188],[167.98032,-25.9389],[168.16608,-25.91597]]}},{"type":"Feature","properties":{"kind":"Marine Indicator Treaty"},"geometry":{"type":"LineString","coordinates":[[99.11029,6.29961],[99.20566,6.28691],[99.32082,6.27161],[99.38992,6.28929],[99.45723,6.30648],[99.48172,6.38693],[99.49496,6.43029],[99.5107,6.48208],[99.55563,6.50328],[99.65202,6.47527]]}},{"type":"Feature","properties":{"kind":"Marine Indicator Treaty"},"geometry":{"type":"LineString","coordinates":[[103.66971,1.17884],[103.74031,1.13024],[103.81866,1.17392],[103.87905,1.20755],[103.96555,1.24264],[104.03227,1.26978]]}},{"type":"Feature","properties":{"kind":"Marine Indicator Treaty"},"geometry":{"type":"LineString","coordinates":[[103.37959,1.24994],[103.27525,1.27481],[103.16944,1.3],[103.06364,1.32519]]}},{"type":"Feature","properties":{"kind":"Marine Indicator Treaty"},"geometry":{"type":"LineString","coordinates":[[105.0195,2.37541],[104.99927,2.44337],[104.979,2.51133],[104.95873,2.57934],[104.93851,2.6473],[104.91828,2.71526],[104.89806,2.78328],[104.87784,2.85123],[104.85757,2.9192],[104.85189,2.98202],[104.84616,3.04479],[104.84043,3.10756],[104.8347,3.17038],[104.82897,3.2332],[104.82324,3.29597],[104.81751,3.35874],[104.81178,3.42157]]}},{"type":"Feature","properties":{"kind":"Marine Indicator Treaty"},"geometry":{"type":"LineString","coordinates":[[109.64584,2.08324],[109.66217,2.14044],[109.67855,2.1977],[109.69493,2.25495],[109.71126,2.31215],[109.72759,2.36935],[109.74392,2.42661],[109.76024,2.48386],[109.77663,2.54106],[109.79301,2.59827],[109.80934,2.65552],[109.82566,2.71278],[109.84199,2.76998],[109.85832,2.82723],[109.8747,2.88449],[109.89108,2.94169],[109.90741,2.99894]]}},{"type":"Feature","properties":{"kind":"Marine Indicator Treaty"},"geometry":{"type":"LineString","coordinates":[[92.83215,13.99972],[92.89919,13.94993],[92.97169,13.90851],[93.02516,13.87791],[93.08825,13.84185],[93.13232,13.81666],[93.22725,13.77216],[93.32144,13.72799],[93.37496,13.7029],[93.42589,13.67901],[93.47931,13.65398],[93.5444,13.62343],[93.60787,13.59369],[93.66626,13.56628]]}},{"type":"Feature","properties":{"kind":"Marine Indicator Treaty"},"geometry":{"type":"LineString","coordinates":[[94.17134,6.00058],[94.20032,6.03421],[94.2293,6.06784],[94.25828,6.10147],[94.2872,6.13515],[94.31613,6.16883],[94.34511,6.20246],[94.37408,6.23609],[94.40306,6.26971],[94.43183,6.31621],[94.46053,6.36271],[94.48924,6.4092],[94.51801,6.45564],[94.54677,6.50209],[94.57548,6.54858],[94.60418,6.59508],[94.63295,6.64157]]}},{"type":"Feature","properties":{"kind":"Marine Indicator Treaty"},"geometry":{"type":"LineString","coordinates":[[128.57689,34.00693],[128.68767,34.13658],[128.79309,34.21627],[128.88781,34.30783],[128.94307,34.39436],[129.00233,34.48725],[129.02655,34.57807],[129.05152,34.67158],[129.15263,34.77747],[129.21583,34.84353],[129.30098,34.90549],[129.37581,34.95994],[129.52794,35.01438],[129.67738,35.06785],[129.76075,35.07623]]}},{"type":"Feature","properties":{"kind":"Marine Indicator Treaty"},"geometry":{"type":"LineString","coordinates":[[169.47646,53.0387],[169.60692,53.15559],[169.73743,53.27245],[169.86794,53.38931],[169.99846,53.5062],[170.12897,53.62309],[170.25943,53.73995],[170.38989,53.85681],[170.5204,53.9737],[170.63999,54.07556],[170.75964,54.17739],[170.87929,54.27922],[170.99888,54.38108],[171.11847,54.48291],[171.23811,54.58474],[171.35776,54.6866],[171.47735,54.78843]]}},{"type":"Feature","properties":{"kind":"Marine Indicator Disputed"},"geometry":{"type":"LineString","coordinates":[[-61.51777,-53.78943],[-61.5827,-53.76035],[-61.64764,-53.73132],[-61.71257,-53.70228],[-61.7775,-53.67319],[-61.84243,-53.64416],[-61.90736,-53.61513],[-61.9723,-53.58604],[-62.03726,-53.55701],[-62.1592,-53.50743],[-62.28112,-53.4578],[-62.40303,-53.40822],[-62.52495,-53.35865],[-62.64687,-53.30907],[-62.76878,-53.25949],[-62.8907,-53.20991],[-63.01264,-53.16033],[-63.07231,-53.13368],[-63.13194,-53.10703],[-63.19157,-53.08043],[-63.25121,-53.05377],[-63.31084,-53.02712],[-63.3705,-53.00052],[-63.43016,-52.97386],[-63.4898,-52.94721],[-63.61866,-52.89898],[-63.74752,-52.8507],[-63.87642,-52.80242],[-64.00528,-52.7542],[-64.13414,-52.70597],[-64.26303,-52.65769],[-64.3919,-52.60941],[-64.52076,-52.56119],[-64.68953,-52.47149],[-64.76487,-52.38672],[-64.78347,-52.29259],[-64.80504,-52.18322],[-64.82601,-52.07676],[-64.84369,-51.98707],[-64.86808,-51.86337],[-64.88932,-51.75556],[-64.90789,-51.66149],[-64.92682,-51.56569],[-64.94739,-51.48032],[-65.0047,-51.3657],[-64.97761,-51.30017],[-64.9505,-51.23464],[-64.92338,-51.16912],[-64.8963,-51.10365],[-64.86921,-51.03817],[-64.84212,-50.97264],[-64.81504,-50.90712],[-64.78793,-50.84159],[-64.76081,-50.77607],[-64.73373,-50.71054],[-64.70664,-50.64501],[-64.67955,-50.57954],[-64.65247,-50.51407],[-64.62535,-50.44854],[-64.59824,-50.38301],[-64.57115,-50.31748],[-64.48584,-50.24942],[-64.40055,-50.18135],[-64.31526,-50.11333],[-64.22995,-50.04527],[-64.14466,-49.9772],[-64.05937,-49.90919],[-63.97406,-49.84112],[-63.88877,-49.77305],[-63.80348,-49.70498],[-63.71817,-49.63691],[-63.63288,-49.5689],[-63.54759,-49.50083],[-63.46228,-49.43276],[-63.37699,-49.36475],[-63.2917,-49.29668],[-63.20639,-49.22861],[-63.09155,-49.15163],[-62.98526,-49.08042]]}},{"type":"Feature","properties":{"kind":"Marine Indicator Disputed"},"geometry":{"type":"LineString","coordinates":[[-82.00092,13.19923],[-82.00092,13.09597],[-82.00092,12.99271],[-82.00092,12.88944],[-82.00092,12.78618],[-82.00092,12.68291],[-82.00092,12.57965],[-82.00092,12.47639],[-82.00092,12.37312],[-82.00092,12.26986]]}},{"type":"Feature","properties":{"kind":"Marine Indicator Disputed"},"geometry":{"type":"LineString","coordinates":[[121.2615,21.34181],[121.26367,21.3443],[121.26583,21.34679],[121.26799,21.34927],[121.27016,21.35176],[121.3532,21.38242],[121.43624,21.41312],[121.51929,21.44378],[121.60228,21.47443],[121.69332,21.50666],[121.78118,21.5378],[121.86438,21.56726],[121.96013,21.60116],[122.06264,21.63749],[122.13904,21.66453],[122.21932,21.69296],[122.31794,21.72794]]}},{"type":"Feature","properties":{"kind":"Marine Indicator Disputed"},"geometry":{"type":"LineString","coordinates":[[119.60484,25.04311],[119.55965,25.05084],[119.51439,25.05851],[119.46914,25.06619],[119.42394,25.07392],[119.40188,25.05192],[119.37988,25.02986],[119.35787,25.0078],[119.33582,24.98574],[119.34241,24.95817],[119.34901,24.9306],[119.3556,24.90302],[119.36225,24.8755]]}},{"type":"Feature","properties":{"kind":"Marine Indicator Disputed"},"geometry":{"type":"LineString","coordinates":[[118.29896,24.16033],[118.28977,24.26181],[118.27602,24.36216],[118.26692,24.42758],[118.28785,24.53312],[118.33243,24.53403],[118.38429,24.53585],[118.44252,24.53767],[118.50278,24.53862],[118.52258,24.50318],[118.53987,24.47225],[118.55587,24.43104],[118.57361,24.39514]]}},{"type":"Feature","properties":{"kind":"Marine Indicator Disputed"},"geometry":{"type":"LineString","coordinates":[[120.06353,25.78547],[120.02709,25.80786],[119.99071,25.83029],[119.95432,25.85273],[119.91788,25.87511],[119.90198,25.92339],[119.88604,25.97167],[119.87009,26.0199],[119.85419,26.06818],[119.86414,26.09851],[119.87414,26.12889],[119.88414,26.15928],[119.89409,26.18961],[119.91161,26.21594],[119.92918,26.24232],[119.94675,26.26865],[119.96427,26.29498],[120.0226,26.32818],[120.08094,26.36132],[120.13922,26.39446],[120.19756,26.42766],[120.24941,26.45318],[120.30131,26.4787],[120.35316,26.50421],[120.40501,26.52973],[120.49313,26.52179],[120.58126,26.51384],[120.66938,26.50594],[120.75751,26.498]]}},{"type":"Feature","properties":{"kind":"Marine Indicator Disputed"},"geometry":{"type":"LineString","coordinates":[[122.52176,23.64958],[122.49365,23.715],[122.47083,23.76793],[122.44607,23.82534],[122.4199,23.88628],[122.40033,24.01836],[122.38076,24.15044],[122.38644,24.28182],[122.39211,24.41325],[122.40352,24.49516],[122.41493,24.57707],[122.47294,24.69541],[122.53095,24.81382],[122.58718,24.89486],[122.63806,24.96823],[122.69364,25.04835],[122.74516,25.12264],[122.82236,25.17627],[122.89957,25.22985]]}},{"type":"Feature","properties":{"kind":"Marine Indicator Disputed"},"geometry":{"type":"LineString","coordinates":[[149.35933,45.18272],[149.30354,45.25668],[149.2358,45.34648],[149.18579,45.41269],[149.15962,45.48186],[149.13951,45.56415],[149.11739,45.65452],[149.10296,45.71359],[149.06403,45.82269],[149.03803,45.89576],[149.01813,45.95155],[149.00078,45.9964],[148.95866,46.06755],[148.91551,46.1404],[148.89751,46.17076]]}},{"type":"Feature","properties":{"kind":"Boundary Treaty"},"geometry":{"type":"LineString","coordinates":[[-57.09763,46.98371],[-56.86915,47.12939],[-56.6636,47.216],[-56.63175,47.24079],[-56.49534,47.36549],[-56.25554,47.30504],[-56.10543,47.10017],[-56.13035,46.93073],[-56.09991,46.85968],[-56.09234,46.85468],[-55.9834,46.80243],[-55.92539,46.69903],[-55.9036,46.64607],[-55.95405,46.61677],[-56.03006,46.58063],[-56.15092,46.55438],[-56.15136,46.38848],[-56.15179,46.20631],[-56.15227,45.99751],[-56.15295,45.71953],[-56.15349,45.50814],[-56.15436,45.19691],[-56.1549,44.93575],[-56.15538,44.71906],[-56.15592,44.46222],[-56.15636,44.18733],[-56.15684,43.94404],[-56.15749,43.62178],[-56.15776,43.41585],[-56.39884,43.41766],[-56.39922,43.63014],[-56.39986,43.97858],[-56.40024,44.16997],[-56.40068,44.40118],[-56.40135,44.75301],[-56.4017,44.93575],[-56.40208,45.20589],[-56.40252,45.38411],[-56.40319,45.66668],[-56.40392,45.91914],[-56.4046,46.17968],[-56.40508,46.36761],[-56.50718,46.39754],[-56.68852,46.45722],[-56.8386,46.55438],[-56.89905,46.6092],[-56.98747,46.79805],[-57.09763,46.98371]]}},{"type":"Feature","properties":{"kind":"Boundary Treaty"},"geometry":{"type":"LineString","coordinates":[[19.23478,60.67793],[19.15758,60.37217],[19.08221,60.19078],[19.47083,59.91988],[19.72986,59.73931],[19.98888,59.55873],[20.11842,59.46844]]}},{"type":"Feature","properties":{"kind":"Marine Indicator Treaty Map Unit"},"geometry":{"type":"LineString","coordinates":[[20.93901,60.65578],[21.13424,60.6285],[21.15771,60.55623],[21.17057,60.46515],[21.1206,60.3698],[21.02531,60.1337],[21.12063,59.90219],[21.21595,59.67067]]}},{"type":"Feature","properties":{"kind":"Marine Indicator Treaty"},"geometry":{"type":"LineString","coordinates":[[11.36939,57.59099],[11.53674,57.35192]]}},{"type":"Feature","properties":{"kind":"Marine Indicator Treaty"},"geometry":{"type":"LineString","coordinates":[[11.82676,56.93401],[11.99439,56.73376]]}},{"type":"Feature","properties":{"kind":"Marine Indicator Treaty"},"geometry":{"type":"LineString","coordinates":[[-69.51928,12.13409],[-69.52012,12.39322],[-69.52095,12.65235]]}},{"type":"Feature","properties":{"kind":"Marine Indicator Treaty"},"geometry":{"type":"LineString","coordinates":[[-68.44197,11.66573],[-68.44147,11.94255],[-68.67314,12.34674],[-68.67314,12.51433]]}},{"type":"Feature","properties":{"kind":"Marine Indicator Median"},"geometry":{"type":"LineString","coordinates":[[-63.29108,17.87294],[-63.16631,17.83025]]}},{"type":"Feature","properties":{"kind":"Marine Indicator Disputed"},"geometry":{"type":"LineString","coordinates":[[9.80433,0.99836],[9.79355,1.00711],[9.78901,1.02799],[9.78265,1.0525],[9.76904,1.07247],[9.75179,1.07973],[9.71639,1.08064],[9.68462,1.07882],[9.66374,1.06884],[9.65194,1.05613],[9.6356,1.04251],[9.61563,1.03616],[9.58931,1.0289],[9.56389,1.02164],[9.53303,1.01074],[9.49763,0.98623],[9.48129,0.959],[9.4595,0.92451],[9.43681,0.89092],[9.40958,0.86914],[9.37236,0.8528],[9.33787,0.84281],[9.30428,0.83464],[9.27523,0.82738]]}},{"type":"Feature","properties":{"kind":"Marine Indicator Disputed"},"geometry":{"type":"LineString","coordinates":[[-63.55255,16.24379],[-63.45791,16.19647],[-63.37273,16.13022],[-63.30648,16.05451],[-63.24023,15.9504],[-63.20238,15.8179],[-63.18345,15.67594],[-63.18345,15.56237],[-63.20238,15.45827]]}},{"type":"Feature","properties":{"kind":"Marine Indicator Median"},"geometry":{"type":"LineString","coordinates":[[-87.81716,13.40656],[-87.82151,13.38926],[-87.81588,13.37014],[-87.78888,13.35214],[-87.75064,13.32739],[-87.72926,13.30039],[-87.71013,13.26214],[-87.68201,13.23289],[-87.66289,13.21489],[-87.65163,13.19576]]}},{"type":"Feature","properties":{"kind":"Marine Indicator Median"},"geometry":{"type":"LineString","coordinates":[[-84.13747,5.21552],[-84.19385,5.04863],[-84.26907,4.82599],[-84.33014,4.64522],[-84.40066,4.43647]]}},{"type":"Feature","properties":{"kind":"Marine Indicator Treaty"},"geometry":{"type":"LineString","coordinates":[[114.49712,22.45747],[114.49712,22.15108],[113.88631,22.15108],[113.8546,22.18492],[113.8337,22.20195],[113.82859,22.21133],[113.82492,22.22642],[113.82564,22.24048],[113.8337,22.24665],[113.84313,22.25194],[113.85443,22.26841],[113.85438,22.46297],[113.87873,22.47202]]}},{"type":"Feature","properties":{"kind":"Marine Indicator Disputed"},"geometry":{"type":"LineString","coordinates":[[-79.67013,15.20444],[-79.57477,14.95014],[-79.50904,14.60602],[-79.5004,14.31341]]}},{"type":"Feature","properties":{"kind":"Marine Indicator Disputed"},"geometry":{"type":"LineString","coordinates":[[-79.90583,10.50761],[-79.94277,10.77595],[-79.94553,11.07356],[-79.90583,11.37513]]}}]}